filename,refcount,global,cluster
201800000.json,1,100.0,1
201800001.json,1,100.0,1
201800002.json,22,86.36363636363636,1
201800003.json,57,92.72727272727272,1
201800004.json,82,81.81818181818183,1
201800005.json,16,66.66666666666666,1
201800006.json,15,100.0,1
201800007.json,0,0.0,0
201800008.json,42,89.74358974358975,1
201800009.json,4,71.42857142857143,1
201800010.json,21,100.0,1
201800011.json,6,85.71428571428571,1
201800012.json,0,0.0,0
201800013.json,25,100.0,1
201800014.json,3,75.0,1
201800015.json,6,42.85714285714285,0
201800016.json,15,100.0,1
201800017.json,125,100.0,1
201800018.json,36,75.0,1
201800019.json,0,0.0,0
201800020.json,1,0.0,0
201800021.json,4,50.0,0
201800022.json,7,100.0,1
201800023.json,0,0.0,0
201800024.json,1,100.0,1
201800025.json,3,66.66666666666666,1
201800026.json,2,66.66666666666666,1
201800027.json,0,0.0,0
201800028.json,3,100.0,1
201800029.json,0,0.0,0
201800030.json,0,0.0,0
201800031.json,1,0.0,0
201800032.json,29,82.14285714285714,1
201800033.json,10,100.0,1
201800034.json,4,100.0,1
201800035.json,6,100.0,1
201800036.json,1,100.0,1
201800037.json,24,100.0,1
201800038.json,4,100.0,1
201800039.json,4,100.0,1
201800040.json,48,100.0,1
201800041.json,21,65.9090909090909,1
201800042.json,46,85.71428571428571,1
201800043.json,63,100.0,1
201800044.json,88,95.41284403669724,1
201800045.json,52,100.0,1
201800046.json,1,100.0,1
201800047.json,12,0.0,0
201800048.json,0,0.0,0
201800049.json,32,72.22222222222221,1
201800050.json,11,100.0,1
201800051.json,10,100.0,1
201800052.json,8,50.0,0
201800053.json,5,20.0,0
201800054.json,3,66.66666666666666,1
201800055.json,21,69.23076923076923,1
201800056.json,8,88.88888888888889,1
201800057.json,3,80.0,1
201800058.json,74,91.66666666666666,1
201800059.json,18,100.0,1
201800060.json,9,76.92307692307693,1
201800061.json,7,44.44444444444444,0
201800062.json,0,0.0,0
201800063.json,3,100.0,1
201800064.json,10,81.81818181818183,1
201800065.json,7,80.0,1
201800066.json,4,50.0,0
201800067.json,1,100.0,1
201800068.json,2,100.0,1
201800069.json,2,100.0,1
201800070.json,35,84.90566037735849,1
201800071.json,49,100.0,1
201800072.json,0,0.0,0
201800073.json,0,0.0,0
201800074.json,0,0.0,0
201800075.json,0,0.0,0
201800076.json,1,100.0,1
201800077.json,1,100.0,1
201800078.json,1,0.0,0
201800079.json,1,100.0,1
201800080.json,3,25.0,0
201800081.json,8,88.88888888888889,1
201800082.json,2,50.0,0
201800083.json,2,0.0,0
201800084.json,2,50.0,0
201800085.json,2,100.0,1
201800086.json,0,0.0,0
201800087.json,3,66.66666666666666,1
201800088.json,28,100.0,1
201800089.json,0,0.0,0
201800090.json,3,66.66666666666666,1
201800091.json,8,100.0,1
201800092.json,16,100.0,1
201800093.json,2,100.0,1
201800094.json,4,75.0,1
201800095.json,7,30.0,0
201800096.json,2,90.0,1
201800097.json,5,71.42857142857143,1
201800098.json,10,100.0,1
201800099.json,3,50.0,0
201800100.json,0,0.0,0
201800101.json,2,100.0,1
201800102.json,2,50.0,0
201800103.json,13,86.66666666666667,1
201800104.json,8,88.88888888888889,1
201800105.json,1,100.0,1
201800106.json,3,100.0,1
201800107.json,4,80.0,1
201800108.json,0,0.0,0
201800109.json,2,100.0,1
201800110.json,39,100.0,1
201800111.json,45,100.0,1
201800112.json,6,88.88888888888889,1
201800113.json,9,100.0,1
201800114.json,13,70.0,1
201800115.json,1,0.0,0
201800116.json,7,81.81818181818183,1
201800117.json,68,85.45454545454545,1
201800118.json,25,100.0,1
201800119.json,18,73.80952380952381,1
201800120.json,32,100.0,1
201800121.json,2,100.0,1
201800122.json,22,82.14285714285714,1
201800123.json,8,100.0,1
201800124.json,7,100.0,1
201800125.json,17,90.47619047619048,1
201800126.json,5,90.9090909090909,1
201800127.json,169,100.0,1
201800128.json,25,80.76923076923077,1
201800129.json,11,66.66666666666666,1
201800130.json,155,100.0,1
201800131.json,17,90.0,1
201800132.json,11,100.0,1
201800133.json,72,100.0,1
201800134.json,2,100.0,1
201800135.json,2,33.33333333333333,0
201800136.json,14,64.70588235294117,1
201800137.json,5,83.33333333333334,1
201800138.json,11,71.42857142857143,1
201800139.json,5,76.92307692307693,1
201800140.json,8,100.0,1
201800141.json,23,100.0,1
201800142.json,29,90.0,1
201800143.json,6,68.75,1
201800144.json,22,73.07692307692307,1
201800145.json,2,0.0,0
201800146.json,1,100.0,1
201800147.json,5,100.0,1
201800148.json,3,100.0,1
201800149.json,4,80.0,1
201800150.json,17,100.0,1
201800151.json,15,75.0,1
201800152.json,25,75.0,1
201800153.json,48,90.47619047619048,1
201800154.json,8,50.0,0
201800155.json,9,95.45454545454544,1
201800156.json,3,75.0,1
201800157.json,9,100.0,1
201800158.json,24,100.0,1
201800159.json,7,80.0,1
201800160.json,9,63.63636363636363,1
201800161.json,18,93.5483870967742,1
201800162.json,12,100.0,1
201800163.json,14,100.0,1
201800164.json,6,37.5,0
201800165.json,39,100.0,1
201800166.json,25,47.22222222222222,1
201800167.json,82,90.625,1
201800168.json,22,64.0,1
201800169.json,89,82.8125,1
201800170.json,28,77.5,1
201800171.json,28,95.1219512195122,1
201800172.json,37,72.72727272727273,1
201800173.json,21,90.9090909090909,1
201800174.json,11,76.92307692307693,1
201800175.json,12,85.71428571428571,1
201800176.json,15,100.0,1
201800177.json,3,100.0,1
201800178.json,19,84.375,1
201800179.json,6,90.0,1
201800180.json,11,100.0,1
201800181.json,56,65.15151515151516,1
201800182.json,3,100.0,1
201800183.json,11,84.21052631578947,1
201800184.json,1,100.0,1
201800185.json,25,100.0,1
201800186.json,55,82.25806451612904,1
201800187.json,6,37.5,0
201800188.json,4,100.0,1
201800189.json,9,80.0,1
201800190.json,23,100.0,1
201800191.json,12,46.15384615384615,0
201800192.json,87,100.0,1
201800193.json,17,100.0,1
201800194.json,13,40.0,0
201800195.json,4,50.0,0
201800196.json,6,100.0,1
201800197.json,30,81.25,1
201800198.json,30,94.73684210526316,1
201800199.json,3,0.0,0
201800200.json,5,100.0,1
201800201.json,7,60.0,1
201800202.json,62,91.93548387096774,1
201800203.json,8,100.0,1
201800204.json,19,83.33333333333334,1
201800205.json,11,73.33333333333333,1
201800206.json,11,100.0,1
201800207.json,17,84.61538461538461,1
201800208.json,32,94.87179487179486,1
201800209.json,32,67.5,1
201800210.json,140,88.73239436619718,1
201800211.json,80,82.78688524590164,1
201800212.json,56,100.0,1
201800213.json,85,75.82417582417582,1
201800214.json,14,100.0,1
201800215.json,25,82.14285714285714,1
201800216.json,13,90.0,1
201800217.json,21,87.5,1
201800218.json,36,100.0,1
201800219.json,40,61.224489795918366,1
201800220.json,22,91.30434782608695,1
201800221.json,55,100.0,1
201800222.json,41,82.0,1
201800223.json,0,0.0,0
201800224.json,25,75.86206896551724,1
201800225.json,36,100.0,1
201800226.json,16,85.0,1
201800227.json,14,88.23529411764706,1
201800228.json,25,100.0,1
201800229.json,14,100.0,1
201800230.json,55,75.43859649122807,1
201800231.json,22,100.0,1
201800232.json,12,64.28571428571429,1
201800233.json,12,100.0,1
201800234.json,33,100.0,1
201800235.json,36,95.1219512195122,1
201800236.json,11,84.61538461538461,1
201800237.json,18,74.19354838709677,1
201800238.json,20,100.0,1
201800239.json,182,78.94736842105263,1
201800240.json,20,64.28571428571429,1
201800241.json,54,95.3125,1
201800242.json,5,88.88888888888889,1
201800243.json,26,90.9090909090909,1
201800244.json,14,66.66666666666666,1
201800245.json,29,86.95652173913044,1
201800246.json,26,92.0,1
201800247.json,9,78.57142857142857,1
201800248.json,13,85.71428571428571,1
201800249.json,9,80.0,1
201800250.json,2,100.0,1
201800251.json,11,100.0,1
201800252.json,3,57.14285714285714,1
201800253.json,88,100.0,1
201800254.json,14,100.0,1
201800255.json,28,100.0,1
201800256.json,11,83.33333333333334,1
201800257.json,20,100.0,1
201800258.json,22,100.0,1
201800259.json,7,100.0,1
201800260.json,3,100.0,1
201800261.json,9,100.0,1
201800262.json,1,100.0,1
201800263.json,11,100.0,1
201800264.json,2,81.81818181818183,1
201800265.json,3,100.0,1
201800266.json,1,0.0,0
201800267.json,0,0.0,0
201800268.json,19,100.0,1
201800269.json,33,100.0,1
201800270.json,28,76.66666666666667,1
201800271.json,56,89.79591836734694,1
201800272.json,13,100.0,1
201800273.json,7,75.0,1
201800274.json,17,68.0,1
201800275.json,6,83.33333333333334,1
201800276.json,11,73.33333333333333,1
201800277.json,0,0.0,0
201800278.json,1,0.0,0
201800279.json,1,100.0,1
201800280.json,1,100.0,1
201800281.json,27,100.0,1
201800282.json,31,100.0,1
201800283.json,22,92.0,1
201800284.json,37,94.73684210526316,1
201800285.json,5,66.66666666666666,1
201800286.json,4,100.0,1
201800287.json,39,100.0,1
201800288.json,14,55.55555555555556,1
201800289.json,5,100.0,1
201800290.json,7,77.77777777777779,1
201800291.json,4,100.0,1
201800292.json,4,100.0,1
201800293.json,30,86.66666666666667,1
201800294.json,4,83.33333333333334,1
201800295.json,6,100.0,1
201800296.json,6,87.5,1
201800297.json,18,100.0,1
201800298.json,65,100.0,1
201800299.json,7,100.0,1
201800300.json,54,91.93548387096774,1
201800301.json,5,100.0,1
201800302.json,4,100.0,1
201800303.json,9,76.92307692307693,1
201800304.json,18,90.47619047619048,1
201800305.json,3,100.0,1
201800306.json,0,0.0,0
201800307.json,27,65.78947368421053,1
201800308.json,1,0.0,0
201800309.json,1,0.0,0
201800310.json,2,0.0,0
201800311.json,15,96.0,1
201800312.json,4,80.0,1
201800313.json,4,100.0,1
201800314.json,7,70.0,1
201800315.json,5,91.66666666666666,1
201800316.json,7,88.88888888888889,1
201800317.json,16,70.83333333333334,1
201800318.json,2,90.0,1
201800319.json,0,0.0,0
201800320.json,0,0.0,0
201800321.json,0,0.0,0
201800322.json,1,100.0,1
201800323.json,0,0.0,0
201800324.json,1,100.0,1
201800325.json,0,0.0,0
201800326.json,26,100.0,1
201800327.json,4,0.0,0
201800328.json,108,100.0,1
201800329.json,35,63.888888888888886,1
201800330.json,33,100.0,1
201800331.json,33,100.0,1
201800332.json,9,80.0,1
201800333.json,43,100.0,1
201800334.json,40,100.0,1
201800335.json,54,100.0,1
201800336.json,40,100.0,1
201800337.json,6,81.81818181818183,1
201800338.json,1,0.0,0
201800339.json,0,0.0,0
201800340.json,38,100.0,1
201800341.json,47,100.0,1
201800342.json,42,100.0,1
201800343.json,20,100.0,1
201800344.json,5,100.0,1
201800345.json,57,100.0,1
201800346.json,13,93.75,1
201800347.json,1,100.0,1
201800348.json,48,100.0,1
201800349.json,8,100.0,1
201800350.json,49,100.0,1
201800351.json,4,85.71428571428571,1
201800352.json,15,84.61538461538461,1
201800353.json,11,100.0,1
201800354.json,19,100.0,1
201800355.json,0,0.0,0
201800356.json,2,100.0,1
201800357.json,16,100.0,1
201800358.json,5,100.0,1
201800359.json,18,82.6086956521739,1
201800360.json,18,86.36363636363636,1
201800361.json,1,0.0,0
201800362.json,46,100.0,1
201800363.json,10,70.0,1
201800364.json,23,76.92307692307693,1
201800365.json,13,28.57142857142857,0
201800366.json,13,70.58823529411765,1
201800367.json,15,93.75,1
201800368.json,27,61.11111111111112,1
201800369.json,8,100.0,1
201800370.json,29,100.0,1
201800371.json,15,100.0,1
201800372.json,80,100.0,1
201800373.json,116,100.0,1
201800374.json,70,94.8051948051948,1
201800375.json,14,100.0,1
201800376.json,29,75.0,1
201800377.json,11,100.0,1
201800378.json,60,100.0,1
201800379.json,1,50.0,0
201800380.json,14,95.83333333333334,1
201800381.json,1,0.0,0
201800382.json,26,92.5925925925926,1
201800383.json,11,100.0,1
201800384.json,155,94.2528735632184,1
201800385.json,5,85.71428571428571,1
201800386.json,19,100.0,1
201800387.json,4,71.42857142857143,1
201800388.json,21,100.0,1
201800389.json,14,86.36363636363636,1
201800390.json,0,0.0,0
201800391.json,29,93.93939393939394,1
201800392.json,3,100.0,1
201800393.json,23,51.51515151515152,1
201800394.json,39,100.0,1
201800395.json,10,100.0,1
201800396.json,62,92.06349206349206,1
201800397.json,11,66.66666666666666,1
201800398.json,41,86.8421052631579,1
201800399.json,1,100.0,1
201800400.json,24,69.6969696969697,1
201800401.json,51,71.05263157894737,1
201800402.json,1,0.0,0
201800403.json,6,100.0,1
201800404.json,7,50.0,0
201800405.json,23,72.0,1
201800406.json,3,100.0,1
201800407.json,263,100.0,1
201800408.json,6,100.0,1
201800409.json,152,88.73239436619718,1
201800410.json,4,100.0,1
201800411.json,1,100.0,1
201800412.json,18,100.0,1
201800413.json,6,71.42857142857143,1
201800414.json,10,71.42857142857143,1
201800415.json,6,90.0,1
201800416.json,0,0.0,0
201800417.json,27,90.625,1
201800418.json,6,100.0,1
201800419.json,6,37.5,0
201800420.json,13,100.0,1
201800421.json,11,93.75,1
201800422.json,13,100.0,1
201800423.json,52,87.09677419354838,1
201800424.json,17,95.0,1
201800425.json,6,33.33333333333333,0
201800426.json,5,42.85714285714285,0
201800427.json,2,100.0,1
201800428.json,4,66.66666666666666,1
201800429.json,3,50.0,0
201800430.json,17,100.0,1
201800431.json,5,100.0,1
201800432.json,39,40.0,0
201800433.json,1,100.0,1
201800434.json,29,92.5925925925926,1
201800435.json,81,96.7032967032967,1
201800436.json,21,65.38461538461539,1
201800437.json,7,50.0,0
201800438.json,40,100.0,1
201800439.json,3,100.0,1
201800440.json,42,70.45454545454545,1
201800441.json,19,76.19047619047619,1
201800442.json,46,92.5925925925926,1
201800443.json,24,76.92307692307693,1
201800444.json,1,100.0,1
201800445.json,15,100.0,1
201800446.json,0,0.0,0
201800447.json,34,100.0,1
201800448.json,2,50.0,0
201800449.json,62,100.0,1
201800450.json,66,100.0,1
201800451.json,25,89.36170212765957,1
201800452.json,44,100.0,1
201800453.json,23,100.0,1
201800454.json,0,0.0,0
201800455.json,0,0.0,0
201800456.json,0,0.0,0
201800457.json,0,0.0,0
201800458.json,0,0.0,0
201800459.json,9,100.0,1
201800460.json,12,70.0,1
201800461.json,21,100.0,1
201800462.json,31,82.85714285714286,1
201800463.json,5,66.66666666666666,1
201800464.json,8,100.0,1
201800465.json,2,50.0,0
201800466.json,37,89.74358974358975,1
201800467.json,90,100.0,1
201800468.json,0,0.0,0
201800469.json,0,0.0,0
201800470.json,3,83.33333333333334,1
201800471.json,6,55.55555555555556,1
201800472.json,1,100.0,1
201800473.json,13,100.0,1
201800474.json,4,100.0,1
201800475.json,2,100.0,1
201800476.json,13,100.0,1
201800477.json,29,58.620689655172406,1
201800478.json,5,71.42857142857143,1
201800479.json,0,0.0,0
201800480.json,20,86.20689655172413,1
201800481.json,16,88.46153846153845,1
201800482.json,9,90.9090909090909,1
201800483.json,30,100.0,1
201800484.json,1,100.0,1
201800485.json,10,92.85714285714286,1
201800486.json,5,100.0,1
201800487.json,14,84.21052631578947,1
201800488.json,37,100.0,1
201800489.json,15,100.0,1
201800490.json,9,69.23076923076923,1
201800491.json,0,0.0,0
201800492.json,5,100.0,1
201800493.json,28,100.0,1
201800494.json,34,100.0,1
201800495.json,11,57.89473684210527,1
201800496.json,6,100.0,1
201800497.json,9,83.33333333333334,1
201800498.json,0,0.0,0
201800499.json,23,100.0,1
201800500.json,46,100.0,1
201800501.json,11,100.0,1
201800502.json,28,55.55555555555556,1
201800503.json,6,100.0,1
201800504.json,26,61.29032258064516,1
201800505.json,3,100.0,1
201800506.json,10,100.0,1
201800507.json,27,93.61702127659576,1
201800508.json,24,42.85714285714285,0
201800509.json,7,100.0,1
201800510.json,8,69.23076923076923,1
201800511.json,17,100.0,1
201800512.json,4,100.0,1
201800513.json,10,81.81818181818183,1
201800514.json,21,72.72727272727273,1
201800515.json,3,100.0,1
201800516.json,4,100.0,1
201800517.json,17,100.0,1
201800518.json,10,100.0,1
201800519.json,89,100.0,1
201800520.json,1,100.0,1
201800521.json,15,100.0,1
201800522.json,9,50.0,0
201800523.json,8,100.0,1
201800524.json,11,100.0,1
201800525.json,27,86.20689655172413,1
201800526.json,23,87.17948717948718,1
201800527.json,21,100.0,1
201800528.json,0,0.0,0
201800529.json,18,100.0,1
201800530.json,23,87.5,1
201800531.json,24,52.0,1
201800532.json,14,76.47058823529412,1
201800533.json,35,100.0,1
201800534.json,7,100.0,1
201800535.json,46,57.14285714285714,1
201800536.json,52,100.0,1
201800537.json,21,76.66666666666667,1
201800538.json,156,100.0,1
201800539.json,8,100.0,1
201800540.json,7,100.0,1
201800541.json,14,86.66666666666667,1
201800542.json,10,76.92307692307693,1
201800543.json,42,100.0,1
201800544.json,11,100.0,1
201800545.json,0,0.0,0
201800546.json,30,92.85714285714286,1
201800547.json,32,65.85365853658537,1
201800548.json,52,100.0,1
201800549.json,12,46.15384615384615,0
201800550.json,11,65.0,1
201800551.json,6,83.33333333333334,1
201800552.json,2,50.0,0
201800553.json,5,100.0,1
201800554.json,35,84.21052631578947,1
201800555.json,92,87.0,1
201800556.json,5,83.33333333333334,1
201800557.json,27,82.75862068965517,1
201800558.json,38,82.97872340425532,1
201800559.json,23,88.88888888888889,1
201800560.json,17,94.73684210526316,1
201800561.json,18,84.21052631578947,1
201800562.json,15,100.0,1
201800563.json,20,88.0,1
201800564.json,25,100.0,1
201800565.json,12,85.18518518518519,1
201800566.json,35,82.35294117647058,1
201800567.json,14,66.66666666666666,1
201800568.json,36,100.0,1
201800569.json,46,83.54430379746836,1
201800570.json,44,100.0,1
201800571.json,14,72.22222222222221,1
201800572.json,27,100.0,1
201800573.json,2,66.66666666666666,1
201800574.json,1,100.0,1
201800575.json,6,75.0,1
201800576.json,11,100.0,1
201800577.json,31,100.0,1
201800578.json,10,76.92307692307693,1
201800579.json,38,100.0,1
201800580.json,5,100.0,1
201800581.json,96,92.22222222222224,1
201800582.json,9,50.0,0
201800583.json,21,64.0,1
201800584.json,2,50.0,0
201800585.json,2,100.0,1
201800586.json,2,50.0,0
201800587.json,12,93.75,1
201800588.json,32,83.72093023255815,1
201800589.json,53,90.14084507042254,1
201800590.json,7,100.0,1
201800591.json,3,100.0,1
201800592.json,18,71.11111111111111,1
201800593.json,19,79.16666666666666,1
201800594.json,49,91.66666666666666,1
201800595.json,50,95.08196721311477,1
201800596.json,38,100.0,1
201800597.json,6,60.0,1
201800598.json,22,70.83333333333334,1
201800599.json,52,57.377049180327866,1
201800600.json,0,0.0,0
201800601.json,276,100.0,1
201800602.json,1,100.0,1
201800603.json,2,100.0,1
201800604.json,3,80.0,1
201800605.json,13,73.68421052631578,1
201800606.json,0,0.0,0
201800607.json,5,80.0,1
201800608.json,4,50.0,0
201800609.json,1,0.0,0
201800610.json,20,92.6829268292683,1
201800611.json,70,100.0,1
201800612.json,8,100.0,1
201800613.json,71,92.85714285714286,1
201800614.json,15,90.0,1
201800615.json,27,83.33333333333334,1
201800616.json,0,0.0,0
201800617.json,9,100.0,1
201800618.json,18,100.0,1
201800619.json,0,0.0,0
201800620.json,38,81.03448275862068,1
201800621.json,2,33.33333333333333,0
201800622.json,21,62.96296296296296,1
201800623.json,5,80.0,1
201800624.json,2,100.0,1
201800625.json,14,100.0,1
201800626.json,5,50.0,0
201800627.json,20,90.47619047619048,1
201800628.json,10,66.66666666666666,1
201800629.json,4,100.0,1
201800630.json,12,100.0,1
201800631.json,0,0.0,0
201800632.json,7,100.0,1
201800633.json,13,100.0,1
201800634.json,0,0.0,0
201800635.json,1,100.0,1
201800636.json,4,100.0,1
201800637.json,2,0.0,0
201800638.json,107,93.44262295081968,1
201800639.json,17,100.0,1
201800640.json,4,70.0,1
201800641.json,2,100.0,1
201800642.json,13,52.94117647058824,1
201800643.json,2,66.66666666666666,1
201800644.json,29,86.66666666666667,1
201800645.json,27,100.0,1
201800646.json,0,0.0,0
201800647.json,0,0.0,0
201800648.json,1,0.0,0
201800649.json,0,0.0,0
201800650.json,0,0.0,0
201800651.json,13,100.0,1
201800652.json,21,75.0,1
201800653.json,0,0.0,0
201800654.json,24,93.5483870967742,1
201800655.json,6,83.33333333333334,1
201800656.json,0,0.0,0
201800657.json,10,52.94117647058824,1
201800658.json,0,0.0,0
201800659.json,1,100.0,1
201800660.json,1,0.0,0
201800661.json,5,57.14285714285714,1
201800662.json,12,100.0,1
201800663.json,0,0.0,0
201800664.json,3,100.0,1
201800665.json,4,100.0,1
201800666.json,26,87.09677419354838,1
201800667.json,0,0.0,0
201800668.json,1,100.0,1
201800669.json,1,0.0,0
201800670.json,4,100.0,1
201800671.json,4,100.0,1
201800672.json,0,0.0,0
201800673.json,0,0.0,0
201800674.json,2,100.0,1
201800675.json,3,66.66666666666666,1
201800676.json,5,71.42857142857143,1
201800677.json,4,50.0,0
201800678.json,0,0.0,0
201800679.json,0,0.0,0
201800680.json,2,50.0,0
201800681.json,7,90.0,1
201800682.json,1,0.0,0
201800683.json,3,100.0,1
201800684.json,3,100.0,1
201800685.json,5,60.0,1
201800686.json,20,83.33333333333334,1
201800687.json,30,93.10344827586206,1
201800688.json,44,100.0,1
201800689.json,49,100.0,1
201800690.json,0,0.0,0
201800691.json,5,60.0,1
201800692.json,7,90.9090909090909,1
201800693.json,26,100.0,1
201800694.json,10,100.0,1
201800695.json,32,100.0,1
201800696.json,23,100.0,1
201800697.json,9,45.45454545454545,0
201800698.json,33,100.0,1
201800699.json,32,65.78947368421053,1
201800700.json,7,100.0,1
201800701.json,16,100.0,1
201800702.json,52,62.71186440677966,1
201800703.json,138,100.0,1
201800704.json,0,0.0,0
201800705.json,32,100.0,1
201800706.json,29,81.81818181818183,1
201800707.json,18,100.0,1
201800708.json,55,100.0,1
201800709.json,1,100.0,1
201800710.json,10,100.0,1
201800711.json,8,90.9090909090909,1
201800712.json,3,80.0,1
201800713.json,18,100.0,1
201800714.json,89,100.0,1
201800715.json,4,71.42857142857143,1
201800716.json,10,100.0,1
201800717.json,3,100.0,1
201800718.json,15,100.0,1
201800719.json,9,81.81818181818183,1
201800720.json,31,78.72340425531915,1
201800721.json,8,100.0,1
201800722.json,0,0.0,0
201800723.json,61,100.0,1
201800724.json,11,94.44444444444444,1
201800725.json,17,47.368421052631575,0
201800726.json,4,75.0,1
201800727.json,12,84.61538461538461,1
201800728.json,27,89.65517241379311,1
201800729.json,11,100.0,1
201800730.json,3,83.33333333333334,1
201800731.json,15,100.0,1
201800732.json,34,76.74418604651163,1
201800733.json,7,100.0,1
201800734.json,9,62.5,1
201800735.json,3,100.0,1
201800736.json,24,88.88888888888889,1
201800737.json,5,77.77777777777779,1
201800738.json,19,91.30434782608695,1
201800739.json,11,92.85714285714286,1
201800740.json,67,90.9090909090909,1
201800741.json,9,94.44444444444444,1
201800742.json,37,86.36363636363636,1
201800743.json,12,100.0,1
201800744.json,11,100.0,1
201800745.json,11,90.9090909090909,1
201800746.json,13,100.0,1
201800747.json,14,63.1578947368421,1
201800748.json,3,50.0,0
201800749.json,2,100.0,1
201800750.json,15,79.16666666666666,1
201800751.json,11,69.23076923076923,1
201800752.json,3,100.0,1
201800753.json,23,100.0,1
201800754.json,12,57.89473684210527,1
201800755.json,8,12.5,0
201800756.json,8,0.0,0
201800757.json,3,100.0,1
201800758.json,9,88.88888888888889,1
201800759.json,15,88.46153846153845,1
201800760.json,12,92.3076923076923,1
201800761.json,85,93.38842975206612,1
201800762.json,3,100.0,1
201800763.json,8,81.81818181818183,1
201800764.json,7,100.0,1
201800765.json,7,100.0,1
201800766.json,6,100.0,1
201800767.json,14,100.0,1
201800768.json,10,61.53846153846154,1
201800769.json,13,80.0,1
201800770.json,13,92.3076923076923,1
201800771.json,6,100.0,1
201800772.json,9,55.55555555555556,1
201800773.json,21,82.85714285714286,1
201800774.json,35,100.0,1
201800775.json,14,100.0,1
201800776.json,46,45.76271186440678,1
201800777.json,0,0.0,0
201800778.json,6,71.42857142857143,1
201800779.json,0,0.0,0
201800780.json,17,100.0,1
201800781.json,11,93.75,1
201800782.json,20,95.23809523809524,1
201800783.json,27,100.0,1
201800784.json,2,33.33333333333333,0
201800785.json,8,84.21052631578947,1
201800786.json,0,0.0,0
201800787.json,7,100.0,1
201800788.json,4,60.0,1
201800789.json,8,100.0,1
201800790.json,2,100.0,1
201800791.json,1,100.0,1
201800792.json,3,100.0,1
201800793.json,32,93.75,1
201800794.json,38,52.702702702702695,1
201800795.json,3,100.0,1
201800796.json,2,100.0,1
201800797.json,87,100.0,1
201800798.json,5,100.0,1
201800799.json,2,100.0,1
201800800.json,13,92.85714285714286,1
201800801.json,2,100.0,1
201800802.json,2,0.0,0
201800803.json,4,100.0,1
201800804.json,5,60.0,1
201800805.json,16,100.0,1
201800806.json,68,78.2051282051282,1
201800807.json,58,100.0,1
201800808.json,4,60.0,1
201800809.json,7,85.71428571428571,1
201800810.json,44,93.47826086956522,1
201800811.json,17,90.47619047619048,1
201800812.json,26,86.20689655172413,1
201800813.json,26,91.48936170212764,1
201800814.json,2,100.0,1
201800815.json,3,60.0,1
201800816.json,0,0.0,0
201800817.json,14,90.0,1
201800818.json,1,0.0,0
201800819.json,9,90.0,1
201800820.json,7,100.0,1
201800821.json,1,100.0,1
201800822.json,6,100.0,1
201800823.json,2,100.0,1
201800824.json,0,0.0,0
201800825.json,2,100.0,1
201800826.json,4,100.0,1
201800827.json,22,100.0,1
201800828.json,10,81.81818181818183,1
201800829.json,14,100.0,1
201800830.json,7,100.0,1
201800831.json,0,0.0,0
201800832.json,1,100.0,1
201800833.json,36,100.0,1
201800834.json,22,91.30434782608695,1
201800835.json,0,0.0,0
201800836.json,1,100.0,1
201800837.json,0,0.0,0
201800838.json,0,0.0,0
201800839.json,79,82.71604938271605,1
201800840.json,20,66.66666666666666,1
201800841.json,32,100.0,1
201800842.json,22,78.26086956521739,1
201800843.json,2,100.0,1
201800844.json,3,100.0,1
201800845.json,6,88.88888888888889,1
201800846.json,2,83.33333333333334,1
201800847.json,12,66.66666666666666,1
201800848.json,0,0.0,0
201800849.json,31,100.0,1
201800850.json,17,45.0,0
201800851.json,23,100.0,1
201800852.json,1,0.0,0
201800853.json,6,100.0,1
201800854.json,0,0.0,0
201800855.json,1,100.0,1
201800856.json,5,85.71428571428571,1
201800857.json,8,95.23809523809524,1
201800858.json,20,78.57142857142857,1
201800859.json,4,66.66666666666666,1
201800860.json,75,100.0,1
201800861.json,93,100.0,1
201800862.json,16,94.44444444444444,1
201800863.json,19,100.0,1
201800864.json,6,71.42857142857143,1
201800865.json,1,0.0,0
201800866.json,3,66.66666666666666,1
201800867.json,1,100.0,1
201800868.json,160,100.0,1
201800869.json,45,100.0,1
201800870.json,56,100.0,1
201800871.json,0,0.0,0
201800872.json,2,50.0,0
201800873.json,1,100.0,1
201800874.json,0,0.0,0
201800875.json,0,0.0,0
201800876.json,1,100.0,1
201800877.json,4,66.66666666666666,1
201800878.json,2,100.0,1
201800879.json,8,30.0,0
201800880.json,79,100.0,1
201800881.json,56,100.0,1
201800882.json,59,100.0,1
201800883.json,15,62.5,1
201800884.json,24,79.3103448275862,1
201800885.json,13,100.0,1
201800886.json,8,90.9090909090909,1
201800887.json,57,100.0,1
201800888.json,19,100.0,1
201800889.json,10,25.0,0
201800890.json,38,100.0,1
201800891.json,14,100.0,1
201800892.json,8,83.33333333333334,1
201800893.json,31,94.87179487179486,1
201800894.json,12,77.77777777777779,1
201800895.json,5,100.0,1
201800896.json,18,50.0,1
201800897.json,23,71.42857142857143,1
201800898.json,20,82.35294117647058,1
201800899.json,32,78.16091954022988,1
201800900.json,25,100.0,1
201800901.json,5,100.0,1
201800902.json,35,93.02325581395348,1
201800903.json,31,93.75,1
201800904.json,43,100.0,1
201800905.json,8,88.88888888888889,1
201800906.json,44,100.0,1
201800907.json,43,92.15686274509804,1
201800908.json,1,100.0,1
201800909.json,40,91.83673469387756,1
201800910.json,7,87.5,1
201800911.json,11,91.66666666666666,1
201800912.json,29,74.54545454545455,1
201800913.json,45,93.75,1
201800914.json,10,100.0,1
201800915.json,17,94.44444444444444,1
201800916.json,10,100.0,1
201800917.json,12,86.95652173913044,1
201800918.json,22,54.16666666666666,1
201800919.json,2,100.0,1
201800920.json,29,100.0,1
201800921.json,84,89.24731182795699,1
201800922.json,36,60.0,1
201800923.json,36,93.5483870967742,1
201800924.json,52,90.54054054054052,1
201800925.json,6,83.33333333333334,1
201800926.json,14,76.47058823529412,1
201800927.json,1,75.0,1
201800928.json,40,100.0,1
201800929.json,33,77.55102040816327,1
201800930.json,29,75.0,1
201800931.json,7,88.88888888888889,1
201800932.json,11,65.0,1
201800933.json,18,68.18181818181817,1
201800934.json,25,61.11111111111112,1
201800935.json,36,80.26315789473685,1
201800936.json,38,79.04761904761905,1
201800937.json,6,100.0,1
201800938.json,10,77.77777777777779,1
201800939.json,57,91.17647058823528,1
201800940.json,5,83.33333333333334,1
201800941.json,9,86.66666666666667,1
201800942.json,18,88.23529411764706,1
201800943.json,17,80.0,1
201800944.json,9,100.0,1
201800945.json,0,0.0,0
201800946.json,12,100.0,1
201800947.json,6,25.0,0
201800948.json,23,94.28571428571428,1
201800949.json,19,83.33333333333334,1
201800950.json,2,100.0,1
201800951.json,2,100.0,1
201800952.json,3,100.0,1
201800953.json,3,100.0,1
201800954.json,10,63.63636363636363,1
201800955.json,6,83.33333333333334,1
201800956.json,2,75.0,1
201800957.json,0,0.0,0
201800958.json,15,100.0,1
201800959.json,14,100.0,1
201800960.json,165,95.18072289156626,1
201800961.json,51,77.35849056603774,1
201800962.json,1,100.0,1
201800963.json,0,0.0,0
201800964.json,2,66.66666666666666,1
201800965.json,0,0.0,0
201800966.json,0,0.0,0
201800967.json,0,0.0,0
201800968.json,1,0.0,0
201800969.json,0,0.0,0
201800970.json,1,100.0,1
201800971.json,0,0.0,0
201800972.json,7,100.0,1
201800973.json,4,87.5,1
201800974.json,19,69.23076923076923,1
201800975.json,91,80.8080808080808,1
201800976.json,4,100.0,1
201800977.json,51,89.58333333333334,1
201800978.json,169,100.0,1
201800979.json,1,100.0,1
201800980.json,9,62.5,1
201800981.json,4,80.0,1
201800982.json,17,100.0,1
201800983.json,8,81.81818181818183,1
201800984.json,2,100.0,1
201800985.json,10,83.33333333333334,1
201800986.json,35,100.0,1
201800987.json,13,100.0,1
201800988.json,49,87.75510204081633,1
201800989.json,49,82.14285714285714,1
201800990.json,2,100.0,1
201800991.json,6,100.0,1
201800992.json,150,100.0,1
201800993.json,109,100.0,1
201800994.json,3,100.0,1
201800995.json,11,83.33333333333334,1
201800996.json,26,85.71428571428571,1
201800997.json,140,100.0,1
201800998.json,17,100.0,1
201800999.json,21,100.0,1
201801000.json,57,58.490566037735846,1
201801001.json,4,83.33333333333334,1
201801002.json,2,100.0,1
201801003.json,8,100.0,1
201801004.json,19,91.66666666666666,1
201801005.json,1,100.0,1
201801006.json,2,0.0,0
201801007.json,1,100.0,1
201801008.json,0,0.0,0
201801009.json,3,81.81818181818183,1
201801010.json,14,80.3921568627451,1
201801011.json,3,100.0,1
201801012.json,39,100.0,1
201801013.json,7,77.77777777777779,1
201801014.json,0,0.0,0
201801015.json,11,81.25,1
201801016.json,2,50.0,0
201801017.json,2,50.0,0
201801018.json,1,0.0,0
201801019.json,2,0.0,0
201801020.json,2,100.0,1
201801021.json,1,100.0,1
201801022.json,0,0.0,0
201801023.json,1,100.0,1
201801024.json,5,60.0,1
201801025.json,1,100.0,1
201801026.json,1,100.0,1
201801027.json,2,75.0,1
201801028.json,20,52.38095238095239,1
201801029.json,2,0.0,0
201801030.json,3,60.0,1
201801031.json,1,100.0,1
201801032.json,0,0.0,0
201801033.json,4,40.0,0
201801034.json,0,0.0,0
201801035.json,1,0.0,0
201801036.json,12,84.61538461538461,1
201801037.json,1,100.0,1
201801038.json,26,68.96551724137932,1
201801039.json,19,100.0,1
201801040.json,2,100.0,1
201801041.json,1,100.0,1
201801042.json,0,0.0,0
201801043.json,6,100.0,1
201801044.json,5,33.33333333333333,0
201801045.json,1,0.0,0
201801046.json,1,100.0,1
201801047.json,1,0.0,0
201801048.json,56,100.0,1
201801049.json,40,75.47169811320755,1
201801050.json,74,88.40579710144928,1
201801051.json,27,92.5925925925926,1
201801052.json,32,100.0,1
201801053.json,58,97.01492537313432,1
201801054.json,30,87.87878787878788,1
201801055.json,21,52.0,1
201801056.json,4,100.0,1
201801057.json,5,92.3076923076923,1
201801058.json,6,33.33333333333333,0
201801059.json,6,100.0,1
201801060.json,34,73.80952380952381,1
201801061.json,21,64.51612903225806,1
201801062.json,2,100.0,1
201801063.json,38,100.0,1
201801064.json,18,100.0,1
201801065.json,58,96.55172413793105,1
201801066.json,0,0.0,0
201801067.json,15,62.5,1
201801068.json,17,83.33333333333334,1
201801069.json,5,71.42857142857143,1
201801070.json,11,71.42857142857143,1
201801071.json,57,100.0,1
201801072.json,27,100.0,1
201801073.json,43,100.0,1
201801074.json,8,100.0,1
201801075.json,5,100.0,1
201801076.json,18,100.0,1
201801077.json,79,93.33333333333331,1
201801078.json,16,94.73684210526316,1
201801079.json,21,100.0,1
201801080.json,18,57.14285714285714,1
201801081.json,9,84.61538461538461,1
201801082.json,213,100.0,1
201801083.json,0,0.0,0
201801084.json,4,100.0,1
201801085.json,3,100.0,1
201801086.json,0,0.0,0
201801087.json,30,100.0,1
201801088.json,0,0.0,0
201801089.json,53,92.1875,1
201801090.json,8,100.0,1
201801091.json,71,80.82191780821918,1
201801092.json,28,100.0,1
201801093.json,69,86.15384615384616,1
201801094.json,38,100.0,1
201801095.json,231,91.47727272727272,1
201801096.json,23,75.86206896551724,1
201801097.json,6,90.9090909090909,1
201801098.json,0,0.0,0
201801099.json,42,100.0,1
201801100.json,10,92.85714285714286,1
201801101.json,13,93.33333333333331,1
201801102.json,3,60.0,1
201801103.json,36,100.0,1
201801104.json,37,95.0,1
201801105.json,19,100.0,1
201801106.json,9,85.0,1
201801107.json,4,80.0,1
201801108.json,4,100.0,1
201801109.json,5,100.0,1
201801110.json,14,82.35294117647058,1
201801111.json,23,61.53846153846154,1
201801112.json,9,90.9090909090909,1
201801113.json,23,100.0,1
201801114.json,16,68.75,1
201801115.json,571,100.0,1
201801116.json,9,81.81818181818183,1
201801117.json,63,100.0,1
201801118.json,2,100.0,1
201801119.json,2,100.0,1
201801120.json,159,100.0,1
201801121.json,26,66.66666666666666,1
201801122.json,29,84.84848484848484,1
201801123.json,2,100.0,1
201801124.json,9,83.33333333333334,1
201801125.json,22,100.0,1
201801126.json,20,100.0,1
201801127.json,7,100.0,1
201801128.json,29,90.32258064516128,1
201801129.json,29,100.0,1
201801130.json,5,100.0,1
201801131.json,20,100.0,1
201801132.json,7,100.0,1
201801133.json,17,85.71428571428571,1
201801134.json,5,80.0,1
201801135.json,11,100.0,1
201801136.json,7,72.72727272727273,1
201801137.json,8,66.66666666666666,1
201801138.json,16,80.95238095238095,1
201801139.json,31,77.41935483870968,1
201801140.json,22,89.65517241379311,1
201801141.json,1,100.0,1
201801142.json,5,100.0,1
201801143.json,7,100.0,1
201801144.json,106,94.35483870967742,1
201801145.json,0,0.0,0
201801146.json,25,93.5483870967742,1
201801147.json,1,100.0,1
201801148.json,7,85.71428571428571,1
201801149.json,30,100.0,1
201801150.json,3,100.0,1
201801151.json,8,90.0,1
201801152.json,40,71.9298245614035,1
201801153.json,8,78.57142857142857,1
201801154.json,9,60.0,1
201801155.json,2,50.0,0
201801156.json,0,0.0,0
201801157.json,10,70.0,1
201801158.json,0,0.0,0
201801159.json,12,78.94736842105263,1
201801160.json,2,66.66666666666666,1
201801161.json,35,91.66666666666666,1
201801162.json,148,96.66666666666669,1
201801163.json,0,0.0,0
201801164.json,1,100.0,1
201801165.json,5,66.66666666666666,1
201801166.json,333,100.0,1
201801167.json,24,92.85714285714286,1
201801168.json,10,75.0,1
201801169.json,3,80.0,1
201801170.json,322,100.0,1
201801171.json,7,100.0,1
201801172.json,76,60.36036036036037,1
201801173.json,2,100.0,1
201801174.json,74,100.0,1
201801175.json,0,0.0,0
201801176.json,7,100.0,1
201801177.json,1,0.0,0
201801178.json,2,75.0,1
201801179.json,3,100.0,1
201801180.json,34,91.8918918918919,1
201801181.json,33,86.0,1
201801182.json,14,100.0,1
201801183.json,32,78.125,1
201801184.json,150,100.0,1
201801185.json,93,94.6808510638298,1
201801186.json,105,100.0,1
201801187.json,34,100.0,1
201801188.json,6,100.0,1
201801189.json,3,66.66666666666666,1
201801190.json,26,92.85714285714286,1
201801191.json,24,100.0,1
201801192.json,164,100.0,1
201801193.json,69,100.0,1
201801194.json,10,100.0,1
201801195.json,59,100.0,1
201801196.json,89,72.80701754385966,1
201801197.json,0,0.0,0
201801198.json,8,90.9090909090909,1
201801199.json,0,0.0,0
201801200.json,6,100.0,1
201801201.json,32,94.11764705882352,1
201801202.json,2,66.66666666666666,1
201801203.json,2,100.0,1
201801204.json,272,100.0,1
201801205.json,14,91.66666666666666,1
201801206.json,1,100.0,1
201801207.json,130,100.0,1
201801208.json,3,100.0,1
201801209.json,0,0.0,0
201801210.json,14,100.0,1
201801211.json,8,93.33333333333331,1
201801212.json,25,88.0,1
201801213.json,1,100.0,1
201801214.json,45,100.0,1
201801215.json,0,0.0,0
201801216.json,0,0.0,0
201801217.json,0,0.0,0
201801218.json,0,0.0,0
201801219.json,0,0.0,0
201801220.json,1,100.0,1
201801221.json,2,66.66666666666666,1
201801222.json,0,0.0,0
201801223.json,2,66.66666666666666,1
201801224.json,6,100.0,1
201801225.json,24,84.61538461538461,1
201801226.json,1,100.0,1
201801227.json,4,66.66666666666666,1
201801228.json,16,64.70588235294117,1
201801229.json,2,100.0,1
201801230.json,6,100.0,1
201801231.json,2,100.0,1
201801232.json,38,100.0,1
201801233.json,84,100.0,1
201801234.json,0,0.0,0
201801235.json,1,0.0,0
201801236.json,22,68.0,1
201801237.json,0,0.0,0
201801238.json,2,50.0,0
201801239.json,0,0.0,0
201801240.json,14,100.0,1
201801241.json,2,100.0,1
201801242.json,25,63.33333333333333,1
201801243.json,4,66.66666666666666,1
201801244.json,100,100.0,1
201801245.json,59,100.0,1
201801246.json,27,100.0,1
201801247.json,41,78.94736842105263,1
201801248.json,5,90.9090909090909,1
201801249.json,36,100.0,1
201801250.json,19,88.46153846153845,1
201801251.json,5,80.0,1
201801252.json,17,89.47368421052632,1
201801253.json,28,100.0,1
201801254.json,37,100.0,1
201801255.json,27,100.0,1
201801256.json,10,69.23076923076923,1
201801257.json,10,83.33333333333334,1
201801258.json,49,100.0,1
201801259.json,14,28.57142857142857,0
201801260.json,9,100.0,1
201801261.json,2,100.0,1
201801262.json,12,84.61538461538461,1
201801263.json,6,100.0,1
201801264.json,1,50.0,0
201801265.json,4,80.0,1
201801266.json,3,100.0,1
201801267.json,40,83.6734693877551,1
201801268.json,78,94.91525423728814,1
201801269.json,0,0.0,0
201801270.json,1,0.0,0
201801271.json,39,100.0,1
201801272.json,8,77.77777777777779,1
201801273.json,20,50.0,1
201801274.json,22,84.61538461538461,1
201801275.json,4,87.5,1
201801276.json,15,66.66666666666666,1
201801277.json,6,71.42857142857143,1
201801278.json,40,100.0,1
201801279.json,36,89.36170212765957,1
201801280.json,15,100.0,1
201801281.json,16,85.71428571428571,1
201801282.json,2,100.0,1
201801283.json,26,91.30434782608695,1
201801284.json,5,100.0,1
201801285.json,54,83.6734693877551,1
201801286.json,44,100.0,1
201801287.json,3,100.0,1
201801288.json,0,0.0,0
201801289.json,6,83.33333333333334,1
201801290.json,14,76.47058823529412,1
201801291.json,54,93.33333333333331,1
201801292.json,8,84.61538461538461,1
201801293.json,5,80.0,1
201801294.json,57,85.45454545454545,1
201801295.json,3,60.0,1
201801296.json,2,100.0,1
201801297.json,9,92.85714285714286,1
201801298.json,9,90.0,1
201801299.json,32,86.48648648648648,1
201801300.json,12,94.11764705882352,1
201801301.json,15,89.47368421052632,1
201801302.json,5,83.33333333333334,1
201801303.json,0,0.0,0
201801304.json,15,89.79591836734694,1
201801305.json,11,45.45454545454545,0
201801306.json,38,91.66666666666666,1
201801307.json,37,91.30434782608695,1
201801308.json,4,100.0,1
201801309.json,11,100.0,1
201801310.json,2,100.0,1
201801311.json,1,80.0,1
201801312.json,42,62.903225806451616,1
201801313.json,1,100.0,1
201801314.json,22,85.71428571428571,1
201801315.json,28,78.37837837837837,1
201801316.json,11,84.61538461538461,1
201801317.json,0,0.0,0
201801318.json,3,100.0,1
201801319.json,70,82.85714285714286,1
201801320.json,1,0.0,0
201801321.json,25,84.375,1
201801322.json,12,100.0,1
201801323.json,51,74.66666666666667,1
201801324.json,19,77.27272727272727,1
201801325.json,40,90.9090909090909,1
201801326.json,45,90.3846153846154,1
201801327.json,58,100.0,1
201801328.json,44,87.75510204081633,1
201801329.json,85,90.80459770114942,1
201801330.json,10,100.0,1
201801331.json,9,81.81818181818183,1
201801332.json,20,83.33333333333334,1
201801333.json,60,58.0246913580247,1
201801334.json,2,50.0,0
201801335.json,14,100.0,1
201801336.json,38,75.60975609756098,1
201801337.json,268,100.0,1
201801338.json,5,75.0,1
201801339.json,14,72.72727272727273,1
201801340.json,13,87.5,1
201801341.json,19,95.23809523809524,1
201801342.json,14,100.0,1
201801343.json,10,83.33333333333334,1
201801344.json,26,100.0,1
201801345.json,23,100.0,1
201801346.json,42,79.50819672131148,1
201801347.json,3,100.0,1
201801348.json,26,100.0,1
201801349.json,13,50.0,0
201801350.json,3,100.0,1
201801351.json,32,84.21052631578947,1
201801352.json,6,66.66666666666666,1
201801353.json,3,75.0,1
201801354.json,0,0.0,0
201801355.json,189,100.0,1
201801356.json,8,90.0,1
201801357.json,19,66.66666666666666,1
201801358.json,30,100.0,1
201801359.json,49,94.33962264150944,1
201801360.json,31,68.0,1
201801361.json,17,100.0,1
201801362.json,41,100.0,1
201801363.json,2,50.0,0
201801364.json,0,0.0,0
201801365.json,98,100.0,1
201801366.json,29,100.0,1
201801367.json,48,100.0,1
201801368.json,40,46.80851063829788,1
201801369.json,65,100.0,1
201801370.json,7,62.5,1
201801371.json,104,100.0,1
201801372.json,15,100.0,1
201801373.json,0,0.0,0
201801374.json,45,77.77777777777779,1
201801375.json,15,95.23809523809524,1
201801376.json,41,100.0,1
201801377.json,140,96.80851063829788,1
201801378.json,28,69.56521739130434,1
201801379.json,37,100.0,1
201801380.json,7,57.14285714285714,1
201801381.json,44,100.0,1
201801382.json,21,45.45454545454545,0
201801383.json,18,84.61538461538461,1
201801384.json,9,75.0,1
201801385.json,0,0.0,0
201801386.json,2,100.0,1
201801387.json,4,100.0,1
201801388.json,7,76.19047619047619,1
201801389.json,4,100.0,1
201801390.json,84,91.56626506024097,1
201801391.json,99,100.0,1
201801392.json,38,100.0,1
201801393.json,13,100.0,1
201801394.json,29,100.0,1
201801395.json,53,100.0,1
201801396.json,22,73.33333333333333,1
201801397.json,2,75.0,1
201801398.json,2,100.0,1
201801399.json,2,0.0,0
201801400.json,3,100.0,1
201801401.json,3,75.0,1
201801402.json,443,100.0,1
201801403.json,2,100.0,1
201801404.json,37,89.47368421052632,1
201801405.json,21,76.19047619047619,1
201801406.json,5,100.0,1
201801407.json,0,0.0,0
201801408.json,15,91.30434782608695,1
201801409.json,15,100.0,1
201801410.json,18,92.0,1
201801411.json,20,60.71428571428571,1
201801412.json,12,86.66666666666667,1
201801413.json,38,84.0,1
201801414.json,15,100.0,1
201801415.json,0,0.0,0
201801416.json,9,35.714285714285715,0
201801417.json,0,0.0,0
201801418.json,4,60.0,1
201801419.json,3,33.33333333333333,0
201801420.json,21,100.0,1
201801421.json,0,0.0,0
201801422.json,3,50.0,0
201801423.json,7,80.0,1
201801424.json,12,83.33333333333334,1
201801425.json,6,28.57142857142857,0
201801426.json,2,100.0,1
201801427.json,3,75.0,1
201801428.json,28,88.23529411764706,1
201801429.json,3,62.5,1
201801430.json,2,66.66666666666666,1
201801431.json,2,50.0,0
201801432.json,3,100.0,1
201801433.json,88,86.79245283018868,1
201801434.json,157,100.0,1
201801435.json,7,100.0,1
201801436.json,17,63.1578947368421,1
201801437.json,51,100.0,1
201801438.json,0,0.0,0
201801439.json,3,66.66666666666666,1
201801440.json,36,100.0,1
201801441.json,58,100.0,1
201801442.json,3,75.0,1
201801443.json,70,100.0,1
201801444.json,35,100.0,1
201801445.json,26,50.0,1
201801446.json,13,93.75,1
201801447.json,38,100.0,1
201801448.json,2,100.0,1
201801449.json,9,80.0,1
201801450.json,17,68.42105263157895,1
201801451.json,4,100.0,1
201801452.json,29,93.10344827586206,1
201801453.json,8,100.0,1
201801454.json,7,100.0,1
201801455.json,38,100.0,1
201801456.json,35,85.71428571428571,1
201801457.json,4,40.0,0
201801458.json,4,57.14285714285714,1
201801459.json,15,80.0,1
201801460.json,7,62.5,1
201801461.json,5,60.0,1
201801462.json,35,100.0,1
201801463.json,57,100.0,1
201801464.json,19,78.94736842105263,1
201801465.json,54,100.0,1
201801466.json,16,76.66666666666667,1
201801467.json,37,100.0,1
201801468.json,11,100.0,1
201801469.json,9,100.0,1
201801470.json,45,100.0,1
201801471.json,12,100.0,1
201801472.json,28,100.0,1
201801473.json,16,88.23529411764706,1
201801474.json,7,75.0,1
201801475.json,61,100.0,1
201801476.json,12,77.77777777777779,1
201801477.json,76,85.0574712643678,1
201801478.json,45,87.5,1
201801479.json,40,96.875,1
201801480.json,11,71.42857142857143,1
201801481.json,44,90.3846153846154,1
201801482.json,3,100.0,1
201801483.json,34,100.0,1
201801484.json,5,100.0,1
201801485.json,5,40.0,0
201801486.json,26,91.17647058823528,1
201801487.json,22,68.0,1
201801488.json,21,57.692307692307686,1
201801489.json,11,83.33333333333334,1
201801490.json,68,96.51162790697676,1
201801491.json,40,69.64285714285714,1
201801492.json,10,100.0,1
201801493.json,13,76.47058823529412,1
201801494.json,20,100.0,1
201801495.json,32,85.29411764705883,1
201801496.json,14,56.25,1
201801497.json,45,100.0,1
201801498.json,10,100.0,1
201801499.json,2,100.0,1
201801500.json,160,97.07602339181284,1
201801501.json,12,86.66666666666667,1
201801502.json,14,50.0,0
201801503.json,34,79.54545454545455,1
201801504.json,32,82.6086956521739,1
201801505.json,24,100.0,1
201801506.json,64,89.1891891891892,1
201801507.json,18,92.3076923076923,1
201801508.json,346,95.10309278350516,1
201801509.json,19,95.65217391304348,1
201801510.json,15,76.47058823529412,1
201801511.json,16,83.33333333333334,1
201801512.json,5,60.0,1
201801513.json,14,72.22222222222221,1
201801514.json,14,77.77777777777779,1
201801515.json,3,50.0,0
201801516.json,1,100.0,1
201801517.json,1,100.0,1
201801518.json,5,50.0,0
201801519.json,4,100.0,1
201801520.json,15,72.22222222222221,1
201801521.json,13,70.58823529411765,1
201801522.json,26,92.5925925925926,1
201801523.json,2,50.0,0
201801524.json,83,100.0,1
201801525.json,21,90.47619047619048,1
201801526.json,12,68.75,1
201801527.json,7,100.0,1
201801528.json,10,75.0,1
201801529.json,44,100.0,1
201801530.json,14,100.0,1
201801531.json,8,90.0,1
201801532.json,100,100.0,1
201801533.json,5,40.0,0
201801534.json,3,100.0,1
201801535.json,3,100.0,1
201801536.json,0,0.0,0
201801537.json,7,55.55555555555556,1
201801538.json,37,76.36363636363637,1
201801539.json,2,0.0,0
201801540.json,17,100.0,1
201801541.json,32,90.69767441860463,1
201801542.json,19,95.45454545454544,1
201801543.json,23,100.0,1
201801544.json,2,100.0,1
201801545.json,79,92.7710843373494,1
201801546.json,191,91.8918918918919,1
201801547.json,153,89.87341772151899,1
201801548.json,9,80.0,1
201801549.json,4,100.0,1
201801550.json,16,82.35294117647058,1
201801551.json,3,33.33333333333333,0
201801552.json,0,0.0,0
201801553.json,45,100.0,1
201801554.json,197,100.0,1
201801555.json,74,100.0,1
201801556.json,3,100.0,1
201801557.json,20,83.33333333333334,1
201801558.json,21,100.0,1
201801559.json,22,100.0,1
201801560.json,48,100.0,1
201801561.json,19,82.6086956521739,1
201801562.json,4,50.0,0
201801563.json,28,75.0,1
201801564.json,17,83.33333333333334,1
201801565.json,110,100.0,1
201801566.json,1,100.0,1
201801567.json,2,50.0,0
201801568.json,40,100.0,1
201801569.json,43,76.74418604651163,1
201801570.json,73,92.78350515463916,1
201801571.json,16,100.0,1
201801572.json,9,92.3076923076923,1
201801573.json,10,82.5,1
201801574.json,8,100.0,1
201801575.json,1,100.0,1
201801576.json,9,81.81818181818183,1
201801577.json,59,100.0,1
201801578.json,117,93.10344827586206,1
201801579.json,1,100.0,1
201801580.json,773,96.26307922272048,1
201801581.json,4,100.0,1
201801582.json,0,0.0,0
201801583.json,23,55.172413793103445,1
201801584.json,4,40.0,0
201801585.json,1,100.0,1
201801586.json,0,0.0,0
201801587.json,0,0.0,0
201801588.json,0,0.0,0
201801589.json,0,0.0,0
201801590.json,0,0.0,0
201801591.json,13,100.0,1
201801592.json,2,0.0,0
201801593.json,2,100.0,1
201801594.json,0,0.0,0
201801595.json,6,100.0,1
201801596.json,25,100.0,1
201801597.json,26,100.0,1
201801598.json,8,91.66666666666666,1
201801599.json,4,62.5,1
201801600.json,0,0.0,0
201801601.json,0,0.0,0
201801602.json,49,100.0,1
201801603.json,2,66.66666666666666,1
201801604.json,4,100.0,1
201801605.json,57,100.0,1
201801606.json,16,45.45454545454545,0
201801607.json,21,80.0,1
201801608.json,8,66.66666666666666,1
201801609.json,60,100.0,1
201801610.json,38,100.0,1
201801611.json,29,100.0,1
201801612.json,18,100.0,1
201801613.json,35,100.0,1
201801614.json,8,87.5,1
201801615.json,16,100.0,1
201801616.json,5,66.66666666666666,1
201801617.json,20,60.0,1
201801618.json,131,100.0,1
201801619.json,8,100.0,1
201801620.json,15,71.42857142857143,1
201801621.json,2,100.0,1
201801622.json,42,91.52542372881356,1
201801623.json,14,81.81818181818183,1
201801624.json,18,100.0,1
201801625.json,5,85.71428571428571,1
201801626.json,12,95.0,1
201801627.json,2,100.0,1
201801628.json,0,0.0,0
201801629.json,1,100.0,1
201801630.json,12,76.47058823529412,1
201801631.json,21,93.33333333333331,1
201801632.json,63,100.0,1
201801633.json,43,100.0,1
201801634.json,29,85.71428571428571,1
201801635.json,31,100.0,1
201801636.json,0,0.0,0
201801637.json,53,58.97435897435898,1
201801638.json,3,100.0,1
201801639.json,14,82.35294117647058,1
201801640.json,24,78.04878048780488,1
201801641.json,16,82.6086956521739,1
201801642.json,7,88.88888888888889,1
201801643.json,8,100.0,1
201801644.json,12,68.0,1
201801645.json,18,51.72413793103448,1
201801646.json,22,88.63636363636364,1
201801647.json,15,90.47619047619048,1
201801648.json,2,0.0,0
201801649.json,8,12.5,0
201801650.json,5,85.71428571428571,1
201801651.json,3,50.0,0
201801652.json,5,66.66666666666666,1
201801653.json,5,100.0,1
201801654.json,12,66.66666666666666,1
201801655.json,8,75.0,1
201801656.json,26,83.33333333333334,1
201801657.json,23,100.0,1
201801658.json,11,100.0,1
201801659.json,20,59.25925925925925,1
201801660.json,13,53.333333333333336,1
201801661.json,61,100.0,1
201801662.json,16,64.70588235294117,1
201801663.json,11,92.85714285714286,1
201801664.json,2,50.0,0
201801665.json,127,100.0,1
201801666.json,32,94.5945945945946,1
201801667.json,48,78.70370370370371,1
201801668.json,50,100.0,1
201801669.json,8,93.75,1
201801670.json,23,100.0,1
201801671.json,114,87.6923076923077,1
201801672.json,14,76.47058823529412,1
201801673.json,68,77.21518987341773,1
201801674.json,23,92.5925925925926,1
201801675.json,3,60.0,1
201801676.json,2,100.0,1
201801677.json,16,79.16666666666666,1
201801678.json,61,87.93103448275862,1
201801679.json,4,100.0,1
201801680.json,55,100.0,1
201801681.json,12,94.11764705882352,1
201801682.json,54,100.0,1
201801683.json,2,100.0,1
201801684.json,83,92.53731343283582,1
201801685.json,29,100.0,1
201801686.json,23,86.48648648648648,1
201801687.json,11,94.11764705882352,1
201801688.json,19,91.66666666666666,1
201801689.json,8,100.0,1
201801690.json,98,96.7391304347826,1
201801691.json,4,100.0,1
201801692.json,6,100.0,1
201801693.json,0,0.0,0
201801694.json,20,55.00000000000001,1
201801695.json,51,84.31372549019608,1
201801696.json,90,75.28089887640449,1
201801697.json,2,100.0,1
201801698.json,11,100.0,1
201801699.json,2,50.0,0
201801700.json,2,75.0,1
201801701.json,0,0.0,0
201801702.json,9,72.22222222222221,1
201801703.json,36,75.60975609756098,1
201801704.json,79,100.0,1
201801705.json,15,100.0,1
201801706.json,12,100.0,1
201801707.json,12,85.71428571428571,1
201801708.json,2,100.0,1
201801709.json,2,75.0,1
201801710.json,18,100.0,1
201801711.json,6,80.0,1
201801712.json,7,100.0,1
201801713.json,17,56.66666666666666,1
201801714.json,1,100.0,1
201801715.json,242,96.22641509433964,1
201801716.json,7,100.0,1
201801717.json,27,93.33333333333331,1
201801718.json,0,0.0,0
201801719.json,5,88.88888888888889,1
201801720.json,2,100.0,1
201801721.json,36,92.53731343283582,1
201801722.json,18,65.0,1
201801723.json,28,65.0,1
201801724.json,5,100.0,1
201801725.json,6,100.0,1
201801726.json,11,66.66666666666666,1
201801727.json,0,0.0,0
201801728.json,43,95.83333333333334,1
201801729.json,24,100.0,1
201801730.json,32,89.74358974358975,1
201801731.json,58,84.61538461538461,1
201801732.json,16,89.47368421052632,1
201801733.json,41,100.0,1
201801734.json,115,86.91588785046729,1
201801735.json,23,96.7741935483871,1
201801736.json,1,100.0,1
201801737.json,3,100.0,1
201801738.json,0,0.0,0
201801739.json,29,94.87179487179486,1
201801740.json,41,100.0,1
201801741.json,107,100.0,1
201801742.json,15,100.0,1
201801743.json,64,94.20289855072464,1
201801744.json,32,80.0,1
201801745.json,6,50.0,0
201801746.json,1,100.0,1
201801747.json,0,0.0,0
201801748.json,256,90.78014184397163,1
201801749.json,33,100.0,1
201801750.json,34,77.04918032786885,1
201801751.json,11,87.5,1
201801752.json,5,100.0,1
201801753.json,19,100.0,1
201801754.json,20,100.0,1
201801755.json,20,80.0,1
201801756.json,0,0.0,0
201801757.json,7,100.0,1
201801758.json,6,100.0,1
201801759.json,0,0.0,0
201801760.json,0,0.0,0
201801761.json,2,0.0,0
201801762.json,0,0.0,0
201801763.json,1,100.0,1
201801764.json,10,84.61538461538461,1
201801765.json,4,83.33333333333334,1
201801766.json,40,96.0,1
201801767.json,16,90.9090909090909,1
201801768.json,0,0.0,0
201801769.json,42,100.0,1
201801770.json,0,0.0,0
201801771.json,21,100.0,1
201801772.json,130,100.0,1
201801773.json,15,70.83333333333334,1
201801774.json,1,100.0,1
201801775.json,5,40.0,0
201801776.json,5,100.0,1
201801777.json,2,100.0,1
201801778.json,36,100.0,1
201801779.json,3,100.0,1
201801780.json,0,0.0,0
201801781.json,1,100.0,1
201801782.json,2,50.0,0
201801783.json,0,0.0,0
201801784.json,23,89.28571428571429,1
201801785.json,15,87.5,1
201801786.json,2,100.0,1
201801787.json,19,65.51724137931035,1
201801788.json,9,66.66666666666666,1
201801789.json,9,90.9090909090909,1
201801790.json,16,100.0,1
201801791.json,118,100.0,1
201801792.json,7,100.0,1
201801793.json,1,100.0,1
201801794.json,0,0.0,0
201801795.json,2,100.0,1
201801796.json,0,0.0,0
201801797.json,1,100.0,1
201801798.json,28,100.0,1
201801799.json,4,80.0,1
201801800.json,0,0.0,0
201801801.json,1,100.0,1
201801802.json,0,0.0,0
201801803.json,5,71.42857142857143,1
201801804.json,0,0.0,0
201801805.json,1,100.0,1
201801806.json,25,76.66666666666667,1
201801807.json,9,86.66666666666667,1
201801808.json,15,100.0,1
201801809.json,9,100.0,1
201801810.json,35,100.0,1
201801811.json,20,78.94736842105263,1
201801812.json,2,66.66666666666666,1
201801813.json,10,82.35294117647058,1
201801814.json,12,100.0,1
201801815.json,57,94.23076923076924,1
201801816.json,10,100.0,1
201801817.json,25,100.0,1
201801818.json,123,100.0,1
201801819.json,17,60.71428571428571,1
201801820.json,42,100.0,1
201801821.json,9,100.0,1
201801822.json,25,74.19354838709677,1
201801823.json,31,94.33962264150944,1
201801824.json,4,100.0,1
201801825.json,5,100.0,1
201801826.json,8,72.72727272727273,1
201801827.json,26,89.28571428571429,1
201801828.json,6,87.5,1
201801829.json,42,75.0,1
201801830.json,6,100.0,1
201801831.json,5,80.0,1
201801832.json,9,73.33333333333333,1
201801833.json,10,71.42857142857143,1
201801834.json,7,100.0,1
201801835.json,26,74.28571428571429,1
201801836.json,12,16.666666666666664,0
201801837.json,25,70.0,1
201801838.json,146,87.1559633027523,1
201801839.json,21,89.28571428571429,1
201801840.json,19,100.0,1
201801841.json,8,100.0,1
201801842.json,16,81.81818181818183,1
201801843.json,23,100.0,1
201801844.json,9,100.0,1
201801845.json,35,100.0,1
201801846.json,131,100.0,1
201801847.json,21,90.0,1
201801848.json,3,100.0,1
201801849.json,8,80.0,1
201801850.json,57,91.50943396226415,1
201801851.json,25,100.0,1
201801852.json,25,93.33333333333331,1
201801853.json,6,100.0,1
201801854.json,45,93.75,1
201801855.json,17,100.0,1
201801856.json,4,80.0,1
201801857.json,36,100.0,1
201801858.json,12,92.85714285714286,1
201801859.json,35,93.47826086956522,1
201801860.json,0,0.0,0
201801861.json,13,100.0,1
201801862.json,15,95.23809523809524,1
201801863.json,19,88.23529411764706,1
201801864.json,0,0.0,0
201801865.json,34,88.88888888888889,1
201801866.json,9,100.0,1
201801867.json,190,100.0,1
201801868.json,9,100.0,1
201801869.json,29,89.47368421052632,1
201801870.json,17,100.0,1
201801871.json,124,91.74311926605505,1
201801872.json,9,91.66666666666666,1
201801873.json,16,80.95238095238095,1
201801874.json,1,100.0,1
201801875.json,0,0.0,0
201801876.json,15,88.88888888888889,1
201801877.json,19,85.71428571428571,1
201801878.json,106,78.18181818181819,1
201801879.json,33,100.0,1
201801880.json,39,92.6829268292683,1
201801881.json,21,88.88888888888889,1
201801882.json,42,100.0,1
201801883.json,5,100.0,1
201801884.json,29,56.52173913043478,1
201801885.json,26,74.35897435897436,1
201801886.json,23,100.0,1
201801887.json,6,88.88888888888889,1
201801888.json,50,90.0,1
201801889.json,12,86.66666666666667,1
201801890.json,250,83.66533864541833,1
201801891.json,32,100.0,1
201801892.json,27,100.0,1
201801893.json,25,80.0,1
201801894.json,18,100.0,1
201801895.json,14,72.22222222222221,1
201801896.json,64,100.0,1
201801897.json,43,76.08695652173914,1
201801898.json,32,0.0,0
201801899.json,23,41.66666666666667,0
201801900.json,3,100.0,1
201801901.json,8,55.55555555555556,1
201801902.json,5,85.71428571428571,1
201801903.json,167,100.0,1
201801904.json,13,100.0,1
201801905.json,43,92.7536231884058,1
201801906.json,4,100.0,1
201801907.json,7,70.0,1
201801908.json,11,100.0,1
201801909.json,2,50.0,0
201801910.json,15,94.11764705882352,1
201801911.json,22,100.0,1
201801912.json,40,86.66666666666667,1
201801913.json,69,97.05882352941175,1
201801914.json,11,100.0,1
201801915.json,13,93.75,1
201801916.json,90,100.0,1
201801917.json,11,60.0,1
201801918.json,47,100.0,1
201801919.json,15,100.0,1
201801920.json,8,90.9090909090909,1
201801921.json,31,100.0,1
201801922.json,15,66.66666666666666,1
201801923.json,6,100.0,1
201801924.json,0,0.0,0
201801925.json,14,59.09090909090909,1
201801926.json,10,88.23529411764706,1
201801927.json,3,0.0,0
201801928.json,6,83.33333333333334,1
201801929.json,53,100.0,1
201801930.json,4,100.0,1
201801931.json,2,100.0,1
201801932.json,9,100.0,1
201801933.json,20,100.0,1
201801934.json,3,80.0,1
201801935.json,45,89.55223880597015,1
201801936.json,75,84.5528455284553,1
201801937.json,0,0.0,0
201801938.json,4,100.0,1
201801939.json,10,92.3076923076923,1
201801940.json,24,100.0,1
201801941.json,3,100.0,1
201801942.json,28,100.0,1
201801943.json,39,100.0,1
201801944.json,5,100.0,1
201801945.json,6,81.25,1
201801946.json,0,0.0,0
201801947.json,262,100.0,1
201801948.json,5,60.0,1
201801949.json,28,100.0,1
201801950.json,72,100.0,1
201801951.json,3,80.0,1
201801952.json,10,52.63157894736842,1
201801953.json,19,80.95238095238095,1
201801954.json,82,100.0,1
201801955.json,10,87.5,1
201801956.json,43,88.88888888888889,1
201801957.json,20,100.0,1
201801958.json,67,100.0,1
201801959.json,19,100.0,1
201801960.json,6,83.33333333333334,1
201801961.json,29,100.0,1
201801962.json,14,79.59183673469387,1
201801963.json,3,80.0,1
201801964.json,13,83.33333333333334,1
201801965.json,3,75.0,1
201801966.json,104,92.45283018867924,1
201801967.json,30,100.0,1
201801968.json,30,91.30434782608695,1
201801969.json,14,78.57142857142857,1
201801970.json,27,79.3103448275862,1
201801971.json,3,100.0,1
201801972.json,30,81.81818181818183,1
201801973.json,187,100.0,1
201801974.json,2,50.0,0
201801975.json,39,58.13953488372093,1
201801976.json,33,72.97297297297297,1
201801977.json,20,100.0,1
201801978.json,20,73.33333333333333,1
201801979.json,18,88.88888888888889,1
201801980.json,11,100.0,1
201801981.json,23,100.0,1
201801982.json,4,100.0,1
201801983.json,140,100.0,1
201801984.json,7,100.0,1
201801985.json,23,100.0,1
201801986.json,26,100.0,1
201801987.json,40,100.0,1
201801988.json,32,100.0,1
201801989.json,22,85.71428571428571,1
201801990.json,37,73.07692307692307,1
201801991.json,12,100.0,1
201801992.json,33,77.41935483870968,1
201801993.json,106,89.60000000000001,1
201801994.json,28,85.18518518518519,1
201801995.json,32,95.23809523809524,1
201801996.json,63,100.0,1
201801997.json,3,80.0,1
201801998.json,5,87.5,1
201801999.json,136,93.87755102040816,1
201802000.json,14,100.0,1
201802001.json,17,87.87878787878788,1
201802002.json,12,100.0,1
201802003.json,43,79.06976744186046,1
201802004.json,51,37.28813559322034,0
201802005.json,81,88.46153846153845,1
201802006.json,55,100.0,1
201802007.json,60,91.02564102564102,1
201802008.json,23,100.0,1
201802009.json,73,100.0,1
201802010.json,7,100.0,1
201802011.json,1,100.0,1
201802012.json,11,83.33333333333334,1
201802013.json,4,85.71428571428571,1
201802014.json,2,100.0,1
201802015.json,12,38.46153846153847,0
201802016.json,82,91.25,1
201802017.json,26,82.85714285714286,1
201802018.json,2,0.0,0
201802019.json,0,0.0,0
201802020.json,3,100.0,1
201802021.json,18,100.0,1
201802022.json,5,100.0,1
201802023.json,10,84.61538461538461,1
201802024.json,4,75.0,1
201802025.json,113,97.61904761904762,1
201802026.json,14,100.0,1
201802027.json,29,100.0,1
201802028.json,21,86.66666666666667,1
201802029.json,38,52.63157894736842,1
201802030.json,35,80.58252427184466,1
201802031.json,17,83.33333333333334,1
201802032.json,10,75.0,1
201802033.json,54,90.3846153846154,1
201802034.json,24,100.0,1
201802035.json,0,0.0,0
201802036.json,6,75.0,1
201802037.json,17,100.0,1
201802038.json,0,0.0,0
201802039.json,4,40.0,0
201802040.json,2,0.0,0
201802041.json,6,100.0,1
201802042.json,1,100.0,1
201802043.json,5,66.66666666666666,1
201802044.json,17,100.0,1
201802045.json,2,100.0,1
201802046.json,0,0.0,0
201802047.json,5,85.71428571428571,1
201802048.json,51,83.6734693877551,1
201802049.json,50,94.73684210526316,1
201802050.json,10,77.77777777777779,1
201802051.json,86,89.1566265060241,1
201802052.json,5,66.66666666666666,1
201802053.json,9,87.5,1
201802054.json,46,100.0,1
201802055.json,18,100.0,1
201802056.json,4,85.71428571428571,1
201802057.json,26,93.75,1
201802058.json,26,84.61538461538461,1
201802059.json,10,91.66666666666666,1
201802060.json,206,100.0,1
201802061.json,30,100.0,1
201802062.json,0,0.0,0
201802063.json,3,100.0,1
201802064.json,10,100.0,1
201802065.json,586,94.55337690631808,1
201802066.json,8,91.66666666666666,1
201802067.json,41,72.5,1
201802068.json,60,100.0,1
201802069.json,18,93.10344827586206,1
201802070.json,71,100.0,1
201802071.json,41,100.0,1
201802072.json,62,87.5,1
201802073.json,9,100.0,1
201802074.json,15,100.0,1
201802075.json,1,100.0,1
201802076.json,0,0.0,0
201802077.json,3,80.0,1
201802078.json,46,78.0,1
201802079.json,30,100.0,1
201802080.json,9,85.71428571428571,1
201802081.json,0,0.0,0
201802082.json,0,0.0,0
201802083.json,12,100.0,1
201802084.json,21,100.0,1
201802085.json,2,100.0,1
201802086.json,8,91.66666666666666,1
201802087.json,6,100.0,1
201802088.json,24,75.86206896551724,1
201802089.json,17,91.30434782608695,1
201802090.json,31,87.75510204081633,1
201802091.json,73,95.8904109589041,1
201802092.json,12,100.0,1
201802093.json,5,90.0,1
201802094.json,4,60.0,1
201802095.json,2,100.0,1
201802096.json,7,44.44444444444444,0
201802097.json,0,0.0,0
201802098.json,185,94.66019417475728,1
201802099.json,14,95.65217391304348,1
201802100.json,2,50.0,0
201802101.json,9,88.88888888888889,1
201802102.json,17,90.0,1
201802103.json,1,0.0,0
201802104.json,29,66.66666666666666,1
201802105.json,0,0.0,0
201802106.json,0,0.0,0
201802107.json,0,0.0,0
201802108.json,0,0.0,0
201802109.json,0,0.0,0
201802110.json,1,0.0,0
201802111.json,0,0.0,0
201802112.json,1,100.0,1
201802113.json,2,66.66666666666666,1
201802114.json,0,0.0,0
201802115.json,0,0.0,0
201802116.json,0,0.0,0
201802117.json,0,0.0,0
201802118.json,0,0.0,0
201802119.json,0,0.0,0
201802120.json,0,0.0,0
201802121.json,0,0.0,0
201802122.json,0,0.0,0
201802123.json,1,100.0,1
201802124.json,0,0.0,0
201802125.json,0,0.0,0
201802126.json,1,100.0,1
201802127.json,0,0.0,0
201802128.json,0,0.0,0
201802129.json,0,0.0,0
201802130.json,1,0.0,0
201802131.json,2,100.0,1
201802132.json,3,0.0,0
201802133.json,0,0.0,0
201802134.json,3,100.0,1
201802135.json,0,0.0,0
201802136.json,3,33.33333333333333,0
201802137.json,1,0.0,0
201802138.json,11,61.90476190476191,1
201802139.json,1,0.0,0
201802140.json,2,100.0,1
201802141.json,5,66.66666666666666,1
201802142.json,0,0.0,0
201802143.json,0,0.0,0
201802144.json,0,0.0,0
201802145.json,0,0.0,0
201802146.json,0,0.0,0
201802147.json,0,0.0,0
201802148.json,0,0.0,0
201802149.json,0,0.0,0
201802150.json,0,0.0,0
201802151.json,0,0.0,0
201802152.json,0,0.0,0
201802153.json,0,0.0,0
201802154.json,0,0.0,0
201802155.json,2,100.0,1
201802156.json,3,100.0,1
201802157.json,1,100.0,1
201802158.json,1,100.0,1
201802159.json,1,0.0,0
201802160.json,0,0.0,0
201802161.json,2,66.66666666666666,1
201802162.json,0,0.0,0
201802163.json,0,0.0,0
201802164.json,0,0.0,0
201802165.json,0,0.0,0
201802166.json,0,0.0,0
201802167.json,18,53.84615384615385,1
201802168.json,4,100.0,1
201802169.json,1,0.0,0
201802170.json,6,87.5,1
201802171.json,0,0.0,0
201802172.json,0,0.0,0
201802173.json,1,100.0,1
201802174.json,1,100.0,1
201802175.json,1,100.0,1
201802176.json,1,100.0,1
201802177.json,1,100.0,1
201802178.json,0,0.0,0
201802179.json,0,0.0,0
201802180.json,1,100.0,1
201802181.json,0,0.0,0
201802182.json,0,0.0,0
201802183.json,0,0.0,0
201802184.json,2,100.0,1
201802185.json,4,100.0,1
201802186.json,3,100.0,1
201802187.json,3,60.0,1
201802188.json,2,50.0,0
201802189.json,7,90.9090909090909,1
201802190.json,8,80.0,1
201802191.json,2,100.0,1
201802192.json,3,100.0,1
201802193.json,27,78.125,1
201802194.json,3,100.0,1
201802195.json,16,59.09090909090909,1
201802196.json,4,40.0,0
201802197.json,34,65.71428571428571,1
201802198.json,11,93.75,1
201802199.json,22,100.0,1
201802200.json,40,100.0,1
201802201.json,37,85.0,1
201802202.json,3,100.0,1
201802203.json,4,40.0,0
201802204.json,5,100.0,1
201802205.json,2,100.0,1
201802206.json,17,85.0,1
201802207.json,10,53.84615384615385,1
201802208.json,1,100.0,1
201802209.json,3,0.0,0
201802210.json,2,75.0,1
201802211.json,3,60.0,1
201802212.json,0,0.0,0
201802213.json,2,66.66666666666666,1
201802214.json,1,50.0,0
201802215.json,0,0.0,0
201802216.json,2,50.0,0
201802217.json,3,100.0,1
201802218.json,0,0.0,0
201802219.json,0,0.0,0
201802220.json,11,100.0,1
201802221.json,7,100.0,1
201802222.json,6,100.0,1
201802223.json,4,100.0,1
201802224.json,1,0.0,0
201802225.json,3,66.66666666666666,1
201802226.json,1,100.0,1
201802227.json,2,100.0,1
201802228.json,0,0.0,0
201802229.json,1,0.0,0
201802230.json,4,62.5,1
201802231.json,4,33.33333333333333,0
201802232.json,8,84.61538461538461,1
201802233.json,1,0.0,0
201802234.json,1,100.0,1
201802235.json,2,100.0,1
201802236.json,0,0.0,0
201802237.json,1,100.0,1
201802238.json,5,62.5,1
201802239.json,18,100.0,1
201802240.json,8,72.22222222222221,1
201802241.json,1,100.0,1
201802242.json,7,71.42857142857143,1
201802243.json,10,100.0,1
201802244.json,1,100.0,1
201802245.json,8,50.0,0
201802246.json,0,0.0,0
201802247.json,13,64.0,1
201802248.json,0,0.0,0
201802249.json,0,0.0,0
201802250.json,2,0.0,0
201802251.json,0,0.0,0
201802252.json,0,0.0,0
201802253.json,0,0.0,0
201802254.json,3,66.66666666666666,1
201802255.json,0,0.0,0
201802256.json,9,90.9090909090909,1
201802257.json,4,100.0,1
201802258.json,0,0.0,0
201802259.json,0,0.0,0
201802260.json,4,42.85714285714285,0
201802261.json,8,72.72727272727273,1
201802262.json,1,100.0,1
201802263.json,6,37.5,0
201802264.json,7,78.57142857142857,1
201802265.json,2,75.0,1
201802266.json,22,82.6086956521739,1
201802267.json,1,100.0,1
201802268.json,1,50.0,0
201802269.json,1,100.0,1
201802270.json,0,0.0,0
201802271.json,33,84.48275862068965,1
201802272.json,11,100.0,1
201802273.json,77,92.53731343283582,1
201802274.json,3,100.0,1
201802275.json,14,100.0,1
201802276.json,8,81.81818181818183,1
201802277.json,20,100.0,1
201802278.json,2,66.66666666666666,1
201802279.json,7,77.77777777777779,1
201802280.json,5,100.0,1
201802281.json,0,0.0,0
201802282.json,8,57.14285714285714,1
201802283.json,5,83.33333333333334,1
201802284.json,2,75.0,1
201802285.json,0,0.0,0
201802286.json,8,58.333333333333336,1
201802287.json,2,100.0,1
201802288.json,3,33.33333333333333,0
201802289.json,9,44.44444444444444,0
201802290.json,0,0.0,0
201802291.json,5,60.0,1
201802292.json,47,98.1132075471698,1
201802293.json,8,100.0,1
201802294.json,3,100.0,1
201802295.json,1,0.0,0
201802296.json,2,66.66666666666666,1
201802297.json,14,100.0,1
201802298.json,25,76.92307692307693,1
201802299.json,68,92.45283018867924,1
201802300.json,8,44.44444444444444,0
201802301.json,0,0.0,0
201802302.json,10,81.81818181818183,1
201802303.json,15,93.75,1
201802304.json,7,83.33333333333334,1
201802305.json,1,0.0,0
201802306.json,5,60.0,1
201802307.json,18,100.0,1
201802308.json,90,100.0,1
201802309.json,3,0.0,0
201802310.json,12,100.0,1
201802311.json,1,0.0,0
201802312.json,0,0.0,0
201802313.json,27,100.0,1
201802314.json,0,0.0,0
201802315.json,0,0.0,0
201802316.json,8,81.81818181818183,1
201802317.json,1,100.0,1
201802318.json,4,66.66666666666666,1
201802319.json,4,100.0,1
201802320.json,8,100.0,1
201802321.json,31,78.94736842105263,1
201802322.json,20,90.9090909090909,1
201802323.json,83,81.94444444444444,1
201802324.json,18,81.81818181818183,1
201802325.json,12,69.23076923076923,1
201802326.json,0,0.0,0
201802327.json,21,75.0,1
201802328.json,6,83.33333333333334,1
201802329.json,6,80.0,1
201802330.json,1,0.0,0
201802331.json,14,100.0,1
201802332.json,16,100.0,1
201802333.json,10,100.0,1
201802334.json,8,78.94736842105263,1
201802335.json,11,100.0,1
201802336.json,10,100.0,1
201802337.json,6,100.0,1
201802338.json,27,100.0,1
201802339.json,43,91.66666666666666,1
201802340.json,5,100.0,1
201802341.json,27,77.14285714285715,1
201802342.json,6,50.0,0
201802343.json,12,100.0,1
201802344.json,27,92.5925925925926,1
201802345.json,137,100.0,1
201802346.json,4,100.0,1
201802347.json,0,0.0,0
201802348.json,13,82.6086956521739,1
201802349.json,3,66.66666666666666,1
201802350.json,49,85.07462686567165,1
201802351.json,2,50.0,0
201802352.json,19,100.0,1
201802353.json,1,100.0,1
201802354.json,9,100.0,1
201802355.json,0,0.0,0
201802356.json,16,100.0,1
201802357.json,31,72.72727272727273,1
201802358.json,4,100.0,1
201802359.json,0,0.0,0
201802360.json,1,100.0,1
201802361.json,8,72.72727272727273,1
201802362.json,16,85.0,1
201802363.json,3,100.0,1
201802364.json,17,84.21052631578947,1
201802365.json,17,100.0,1
201802366.json,26,92.85714285714286,1
201802367.json,0,0.0,0
201802368.json,3,100.0,1
201802369.json,0,0.0,0
201802370.json,6,33.33333333333333,0
201802371.json,2,100.0,1
201802372.json,1,0.0,0
201802373.json,2,0.0,0
201802374.json,2,100.0,1
201802375.json,2,100.0,1
201802376.json,3,100.0,1
201802377.json,30,94.11764705882352,1
201802378.json,24,100.0,1
201802379.json,7,66.66666666666666,1
201802380.json,11,89.47368421052632,1
201802381.json,0,0.0,0
201802382.json,0,0.0,0
201802383.json,0,0.0,0
201802384.json,26,100.0,1
201802385.json,0,0.0,0
201802386.json,0,0.0,0
201802387.json,0,0.0,0
201802388.json,5,80.0,1
201802389.json,23,90.9090909090909,1
201802390.json,8,58.333333333333336,1
201802391.json,25,100.0,1
201802392.json,2,100.0,1
201802393.json,6,84.21052631578947,1
201802394.json,24,100.0,1
201802395.json,16,100.0,1
201802396.json,3,40.0,0
201802397.json,9,90.0,1
201802398.json,22,75.0,1
201802399.json,16,100.0,1
201802400.json,0,0.0,0
201802401.json,5,71.42857142857143,1
201802402.json,4,57.14285714285714,1
201802403.json,5,100.0,1
201802404.json,0,0.0,0
201802405.json,7,57.14285714285714,1
201802406.json,14,73.91304347826086,1
201802407.json,19,36.36363636363637,0
201802408.json,43,100.0,1
201802409.json,2,100.0,1
201802410.json,2,66.66666666666666,1
201802411.json,1,50.0,0
201802412.json,50,100.0,1
201802413.json,4,75.0,1
201802414.json,0,0.0,0
201802415.json,0,0.0,0
201802416.json,2,100.0,1
201802417.json,3,57.14285714285714,1
201802418.json,1,100.0,1
201802419.json,2,100.0,1
201802420.json,4,100.0,1
201802421.json,31,94.44444444444444,1
201802422.json,6,100.0,1
201802423.json,6,50.0,0
201802424.json,23,65.38461538461539,1
201802425.json,4,83.33333333333334,1
201802426.json,1,100.0,1
201802427.json,1,100.0,1
201802428.json,3,100.0,1
201802429.json,1,100.0,1
201802430.json,2,100.0,1
201802431.json,18,100.0,1
201802432.json,8,81.25,1
201802433.json,16,90.47619047619048,1
201802434.json,0,0.0,0
201802435.json,0,0.0,0
201802436.json,4,100.0,1
201802437.json,1,100.0,1
201802438.json,4,100.0,1
201802439.json,3,100.0,1
201802440.json,19,83.33333333333334,1
201802441.json,8,73.68421052631578,1
201802442.json,6,81.81818181818183,1
201802443.json,16,100.0,1
201802444.json,3,60.0,1
201802445.json,3,100.0,1
201802446.json,37,80.0,1
201802447.json,2,100.0,1
201802448.json,4,100.0,1
201802449.json,3,60.0,1
201802450.json,16,73.68421052631578,1
201802451.json,6,66.66666666666666,1
201802452.json,12,88.88888888888889,1
201802453.json,11,83.33333333333334,1
201802454.json,0,0.0,0
201802455.json,0,0.0,0
201802456.json,4,60.0,1
201802457.json,10,100.0,1
201802458.json,5,62.5,1
201802459.json,6,75.0,1
201802460.json,2,100.0,1
201802461.json,4,100.0,1
201802462.json,29,68.51851851851852,1
201802463.json,3,85.71428571428571,1
201802464.json,1,100.0,1
201802465.json,8,100.0,1
201802466.json,2,50.0,0
201802467.json,2,50.0,0
201802468.json,3,100.0,1
201802469.json,0,0.0,0
201802470.json,7,85.71428571428571,1
201802471.json,1,100.0,1
201802472.json,1,0.0,0
201802473.json,16,62.5,1
201802474.json,5,42.85714285714285,0
201802475.json,2,100.0,1
201802476.json,1,100.0,1
201802477.json,34,95.34883720930232,1
201802478.json,2,100.0,1
201802479.json,29,100.0,1
201802480.json,7,100.0,1
201802481.json,1,100.0,1
201802482.json,38,66.66666666666666,1
201802483.json,0,0.0,0
201802484.json,7,80.0,1
201802485.json,4,100.0,1
201802486.json,3,88.88888888888889,1
201802487.json,0,0.0,0
201802488.json,0,0.0,0
201802489.json,7,85.71428571428571,1
201802490.json,2,100.0,1
201802491.json,1,0.0,0
201802492.json,1,0.0,0
201802493.json,0,0.0,0
201802494.json,0,0.0,0
201802495.json,1,0.0,0
201802496.json,47,100.0,1
201802497.json,4,100.0,1
201802498.json,12,71.42857142857143,1
201802499.json,21,100.0,1
201802500.json,4,66.66666666666666,1
201802501.json,19,84.21052631578947,1
201802502.json,17,85.0,1
201802503.json,18,100.0,1
201802504.json,12,57.14285714285714,1
201802505.json,3,33.33333333333333,0
201802506.json,0,0.0,0
201802507.json,12,95.23809523809524,1
201802508.json,1,0.0,0
201802509.json,0,0.0,0
201802510.json,0,0.0,0
201802511.json,0,0.0,0
201802512.json,3,100.0,1
201802513.json,2,100.0,1
201802514.json,7,81.81818181818183,1
201802515.json,2,66.66666666666666,1
201802516.json,40,77.55102040816327,1
201802517.json,17,92.0,1
201802518.json,0,0.0,0
201802519.json,36,91.17647058823528,1
201802520.json,0,0.0,0
201802521.json,3,60.0,1
201802522.json,2,100.0,1
201802523.json,20,100.0,1
201802524.json,105,32.08955223880597,1
201802525.json,0,0.0,0
201802526.json,0,0.0,0
201802527.json,0,0.0,0
201802528.json,1,100.0,1
201802529.json,0,0.0,0
201802530.json,0,0.0,0
201802531.json,9,91.66666666666666,1
201802532.json,3,100.0,1
201802533.json,29,100.0,1
201802534.json,10,71.42857142857143,1
201802535.json,46,87.5,1
201802536.json,65,92.42424242424242,1
201802537.json,13,71.42857142857143,1
201802538.json,7,73.33333333333333,1
201802539.json,14,79.3103448275862,1
201802540.json,28,68.0,1
201802541.json,1,50.0,0
201802542.json,9,78.26086956521739,1
201802543.json,17,100.0,1
201802544.json,25,100.0,1
201802545.json,17,84.0,1
201802546.json,5,100.0,1
201802547.json,4,75.0,1
201802548.json,1,100.0,1
201802549.json,1,100.0,1
201802550.json,15,100.0,1
201802551.json,0,0.0,0
201802552.json,2,100.0,1
201802553.json,0,0.0,0
201802554.json,7,50.0,0
201802555.json,4,100.0,1
201802556.json,0,0.0,0
201802557.json,19,64.0,1
201802558.json,9,81.25,1
201802559.json,2,50.0,0
201802560.json,3,100.0,1
201802561.json,10,100.0,1
201802562.json,2,100.0,1
201802563.json,477,92.70516717325228,1
201802564.json,19,66.66666666666666,1
201802565.json,3,83.33333333333334,1
201802566.json,0,0.0,0
201802567.json,0,0.0,0
201802568.json,3,100.0,1
201802569.json,2,33.33333333333333,0
201802570.json,0,0.0,0
201802571.json,25,100.0,1
201802572.json,9,100.0,1
201802573.json,3,100.0,1
201802574.json,0,0.0,0
201802575.json,21,70.37037037037037,1
201802576.json,12,57.89473684210527,1
201802577.json,0,0.0,0
201802578.json,6,90.0,1
201802579.json,4,100.0,1
201802580.json,2,100.0,1
201802581.json,14,100.0,1
201802582.json,13,84.21052631578947,1
201802583.json,0,0.0,0
201802584.json,0,0.0,0
201802585.json,1,100.0,1
201802586.json,2,100.0,1
201802587.json,8,100.0,1
201802588.json,0,0.0,0
201802589.json,4,50.0,0
201802590.json,19,66.66666666666666,1
201802591.json,5,71.42857142857143,1
201802592.json,0,0.0,0
201802593.json,3,66.66666666666666,1
201802594.json,8,100.0,1
201802595.json,1,0.0,0
201802596.json,2,100.0,1
201802597.json,21,100.0,1
201802598.json,20,100.0,1
201802599.json,9,50.0,0
201802600.json,42,100.0,1
201802601.json,3,100.0,1
201802602.json,4,100.0,1
201802603.json,7,85.71428571428571,1
201802604.json,0,0.0,0
201802605.json,4,71.42857142857143,1
201802606.json,4,62.5,1
201802607.json,1,0.0,0
201802608.json,2,100.0,1
201802609.json,1,100.0,1
201802610.json,26,100.0,1
201802611.json,0,0.0,0
201802612.json,6,100.0,1
201802613.json,1,100.0,1
201802614.json,19,92.0,1
201802615.json,22,100.0,1
201802616.json,0,0.0,0
201802617.json,5,50.0,0
201802618.json,17,95.0,1
201802619.json,1,100.0,1
201802620.json,0,0.0,0
201802621.json,48,100.0,1
201802622.json,20,87.5,1
201802623.json,2,50.0,0
201802624.json,13,100.0,1
201802625.json,18,54.54545454545454,1
201802626.json,15,90.0,1
201802627.json,96,94.89795918367348,1
201802628.json,8,54.54545454545454,1
201802629.json,1,100.0,1
201802630.json,42,100.0,1
201802631.json,5,85.71428571428571,1
201802632.json,11,100.0,1
201802633.json,4,100.0,1
201802634.json,29,100.0,1
201802635.json,6,90.9090909090909,1
201802636.json,46,100.0,1
201802637.json,64,74.07407407407408,1
201802638.json,5,71.42857142857143,1
201802639.json,1,100.0,1
201802640.json,24,91.3793103448276,1
201802641.json,2,100.0,1
201802642.json,4,80.0,1
201802643.json,3,100.0,1
201802644.json,10,69.23076923076923,1
201802645.json,0,0.0,0
201802646.json,16,100.0,1
201802647.json,6,100.0,1
201802648.json,9,100.0,1
201802649.json,0,0.0,0
201802650.json,0,0.0,0
201802651.json,1,0.0,0
201802652.json,0,0.0,0
201802653.json,23,70.37037037037037,1
201802654.json,1,100.0,1
201802655.json,0,0.0,0
201802656.json,10,76.92307692307693,1
201802657.json,0,0.0,0
201802658.json,10,90.9090909090909,1
201802659.json,27,100.0,1
201802660.json,17,63.63636363636363,1
201802661.json,9,91.66666666666666,1
201802662.json,10,75.75757575757575,1
201802663.json,20,82.6086956521739,1
201802664.json,31,92.3076923076923,1
201802665.json,40,90.9090909090909,1
201802666.json,17,70.58823529411765,1
201802667.json,35,100.0,1
201802668.json,45,89.47368421052632,1
201802669.json,8,44.44444444444444,0
201802670.json,75,100.0,1
201802671.json,1,100.0,1
201802672.json,3,100.0,1
201802673.json,15,52.94117647058824,1
201802674.json,3,100.0,1
201802675.json,11,90.9090909090909,1
201802676.json,0,0.0,0
201802677.json,8,81.81818181818183,1
201802678.json,4,77.77777777777779,1
201802679.json,11,92.3076923076923,1
201802680.json,18,66.66666666666666,1
201802681.json,8,12.5,0
201802682.json,22,100.0,1
201802683.json,7,100.0,1
201802684.json,87,100.0,1
201802685.json,2,100.0,1
201802686.json,19,100.0,1
201802687.json,10,100.0,1
201802688.json,37,80.0,1
201802689.json,67,100.0,1
201802690.json,10,100.0,1
201802691.json,8,100.0,1
201802692.json,11,86.66666666666667,1
201802693.json,17,86.95652173913044,1
201802694.json,28,100.0,1
201802695.json,35,82.14285714285714,1
201802696.json,57,92.53731343283582,1
201802697.json,5,100.0,1
201802698.json,37,87.09677419354838,1
201802699.json,30,90.9090909090909,1
201802700.json,11,69.23076923076923,1
201802701.json,10,61.53846153846154,1
201802702.json,12,7.6923076923076925,0
201802703.json,14,88.88888888888889,1
201802704.json,63,53.48837209302325,1
201802705.json,103,88.8,1
201802706.json,8,100.0,1
201802707.json,20,90.47619047619048,1
201802708.json,1,100.0,1
201802709.json,11,100.0,1
201802710.json,374,89.70588235294117,1
201802711.json,5,100.0,1
201802712.json,3,100.0,1
201802713.json,1,0.0,0
201802714.json,10,91.66666666666666,1
201802715.json,17,100.0,1
201802716.json,11,91.66666666666666,1
201802717.json,52,57.14285714285714,1
201802718.json,37,90.69767441860463,1
201802719.json,10,93.33333333333331,1
201802720.json,119,100.0,1
201802721.json,69,100.0,1
201802722.json,15,78.57142857142857,1
201802723.json,6,100.0,1
201802724.json,79,100.0,1
201802725.json,11,100.0,1
201802726.json,415,90.64327485380116,1
201802727.json,6,100.0,1
201802728.json,9,100.0,1
201802729.json,23,100.0,1
201802730.json,24,89.28571428571429,1
201802731.json,13,100.0,1
201802732.json,0,0.0,0
201802733.json,27,100.0,1
201802734.json,13,93.33333333333331,1
201802735.json,1,50.0,0
201802736.json,7,86.66666666666667,1
201802737.json,61,95.16129032258064,1
201802738.json,12,100.0,1
201802739.json,62,100.0,1
201802740.json,83,100.0,1
201802741.json,2,100.0,1
201802742.json,8,80.0,1
201802743.json,12,43.75,0
201802744.json,3,66.66666666666666,1
201802745.json,1,50.0,0
201802746.json,53,96.7741935483871,1
201802747.json,11,100.0,1
201802748.json,1,100.0,1
201802749.json,18,100.0,1
201802750.json,16,66.66666666666666,1
201802751.json,33,100.0,1
201802752.json,8,85.71428571428571,1
201802753.json,22,72.0,1
201802754.json,26,82.35294117647058,1
201802755.json,33,72.97297297297297,1
201802756.json,20,57.14285714285714,1
201802757.json,22,84.84848484848484,1
201802758.json,8,66.66666666666666,1
201802759.json,135,95.36423841059604,1
201802760.json,25,79.22077922077922,1
201802761.json,4,100.0,1
201802762.json,15,91.30434782608695,1
201802763.json,14,100.0,1
201802764.json,28,95.1219512195122,1
201802765.json,12,8.333333333333332,0
201802766.json,9,0.0,0
201802767.json,10,90.0,1
201802768.json,3,100.0,1
201802769.json,0,0.0,0
201802770.json,41,100.0,1
201802771.json,4,90.9090909090909,1
201802772.json,4,100.0,1
201802773.json,14,100.0,1
201802774.json,1,100.0,1
201802775.json,35,95.91836734693877,1
201802776.json,1,100.0,1
201802777.json,11,76.19047619047619,1
201802778.json,2,100.0,1
201802779.json,37,100.0,1
201802780.json,16,94.73684210526316,1
201802781.json,2,100.0,1
201802782.json,10,68.75,1
201802783.json,29,92.6829268292683,1
201802784.json,15,50.0,0
201802785.json,9,53.84615384615385,1
201802786.json,1,100.0,1
201802787.json,25,93.10344827586206,1
201802788.json,7,91.66666666666666,1
201802789.json,64,100.0,1
201802790.json,11,59.09090909090909,1
201802791.json,3,100.0,1
