filename,newness
201800000.json,100.0
201800001.json,50.0
201800002.json,70.83333333333334
201800003.json,72.8395061728395
201800004.json,68.71165644171779
201800005.json,65.36312849162012
201800006.json,64.94845360824742
201800007.json,64.94845360824742
201800008.json,68.64406779661016
201800009.json,68.75
201800010.json,69.34865900383141
201800011.json,70.0374531835206
201800012.json,70.0374531835206
201800013.json,69.52054794520548
201800014.json,69.49152542372882
201800015.json,68.77076411960132
201800016.json,69.30379746835443
201800017.json,68.70748299319727
201800018.json,69.39203354297693
201800019.json,69.39203354297693
201800020.json,69.24686192468619
201800021.json,69.29460580912863
201800022.json,68.71165644171779
201800023.json,68.71165644171779
201800024.json,68.77551020408164
201800025.json,68.76267748478702
201800026.json,68.88888888888889
201800027.json,68.88888888888889
201800028.json,69.07630522088354
201800029.json,69.07630522088354
201800030.json,69.07630522088354
201800031.json,68.93787575150301
201800032.json,69.31818181818183
201800033.json,69.14498141263941
201800034.json,68.81918819188192
201800035.json,68.7956204379562
201800036.json,68.6703096539162
201800037.json,69.45898778359512
201800038.json,69.49740034662045
201800039.json,69.70740103270224
201800040.json,69.47535771065183
201800041.json,70.15384615384616
201800042.json,71.4080459770115
201800043.json,70.4874835309618
201800044.json,71.07438016528926
201800045.json,71.85761957730811
201800046.json,71.88888888888889
201800047.json,72.25877192982456
201800048.json,72.25877192982456
201800049.json,72.66949152542372
201800050.json,72.67015706806282
201800051.json,72.95336787564767
201800052.json,72.76464542651593
201800053.json,72.9038854805726
201800054.json,72.98674821610601
201800055.json,73.15369261477046
201800056.json,73.36633663366337
201800057.json,73.44521224086871
201800058.json,73.59705611775529
201800059.json,73.30316742081448
201800060.json,73.15978456014362
201800061.json,73.05976806422836
201800062.json,73.05976806422836
201800063.json,73.04270462633453
201800064.json,73.10405643738977
201800065.json,73.09377738825592
201800066.json,73.1004366812227
201800067.json,73.1239092495637
201800068.json,73.08362369337979
201800069.json,73.1304347826087
201800070.json,73.24894514767932
201800071.json,73.3387358184765
201800072.json,73.3387358184765
201800073.json,73.3387358184765
201800074.json,73.3387358184765
201800075.json,73.3387358184765
201800076.json,73.36032388663968
201800077.json,73.38187702265373
201800078.json,73.40339531123686
201800079.json,73.42487883683361
201800080.json,73.4891216760677
201800081.json,73.57886309047238
201800082.json,73.621103117506
201800083.json,73.58339984038308
201800084.json,73.54581673306772
201800085.json,73.58790771678599
201800086.json,73.58790771678599
201800087.json,73.65079365079366
201800088.json,73.5248447204969
201800089.json,73.5248447204969
201800090.json,73.50890782339272
201800091.json,73.67205542725173
201800092.json,73.76425855513308
201800093.json,73.72817008352315
201800094.json,73.6563209689629
201800095.json,73.56927710843374
201800096.json,73.60902255639098
201800097.json,73.40823970037454
201800098.json,73.38289962825279
201800099.json,73.3679525222552
201800100.json,73.3679525222552
201800101.json,73.33333333333333
201800102.json,73.29881656804734
201800103.json,73.4065934065934
201800104.json,73.48871085214857
201800105.json,73.43522561863173
201800106.json,73.42047930283225
201800107.json,73.49746560463433
201800108.json,73.49746560463433
201800109.json,73.53579175704989
201800110.json,73.62869198312237
201800111.json,73.48329925017042
201800112.json,73.38764426340802
201800113.json,73.41430499325237
201800114.json,73.4448160535117
201800115.json,73.46256684491979
201800116.json,73.45309381237524
201800117.json,73.45639719923615
201800118.json,73.43358395989975
201800119.json,73.42007434944237
201800120.json,73.81530984204132
201800121.json,73.7864077669903
201800122.json,73.95209580838323
201800123.json,73.95709177592373
201800124.json,73.94658753709199
201800125.json,73.79553466509988
201800126.json,73.69654364381957
201800127.json,73.40085287846482
201800128.json,73.43503419253025
201800129.json,73.48326359832636
201800130.json,73.68166424770199
201800131.json,73.70441458733205
201800132.json,73.79474940334129
201800133.json,73.78864790032303
201800134.json,73.81281696634395
201800135.json,73.79087977890373
201800136.json,73.7299771167048
201800137.json,73.60730593607306
201800138.json,73.51203998182643
201800139.json,73.57207615593835
201800140.json,73.62240289069557
201800141.json,73.7594993294591
201800142.json,73.43336275375111
201800143.json,73.45950704225352
201800144.json,73.45248474280733
201800145.json,73.47560975609755
201800146.json,73.48715716151501
201800147.json,73.501303214596
201800148.json,73.53579175704989
201800149.json,73.49501948895626
201800150.json,73.34479793637145
201800151.json,73.34472447671935
201800152.json,73.41504649196958
201800153.json,73.5708367854184
201800154.json,73.6168455821635
201800155.json,73.63225010283834
201800156.json,73.62366474938374
201800157.json,73.63896848137536
201800158.json,73.69274422375355
201800159.json,73.72675828617623
201800160.json,73.78171566653242
201800161.json,73.73050779688126
201800162.json,73.81615598885793
201800163.json,73.9612188365651
201800164.json,73.98341887090407
201800165.json,74.10575427682737
201800166.json,74.16249518675396
201800167.json,74.35610302351624
201800168.json,74.37985931136616
201800169.json,73.94265232974911
201800170.json,73.91767210787793
201800171.json,73.85804638088545
201800172.json,73.8466874783212
201800173.json,73.89807162534436
201800174.json,73.9622641509434
201800175.json,73.96651861974718
201800176.json,73.9972807613868
201800177.json,73.98981324278438
201800178.json,73.98785425101214
201800179.json,73.97306397306397
201800180.json,73.86782958738678
201800181.json,73.62528811326968
201800182.json,73.65131578947368
201800183.json,73.6479842674533
201800184.json,73.65661861074705
201800185.json,73.74065648358791
201800186.json,73.81864623243933
201800187.json,73.80497131931166
201800188.json,73.83831954169318
201800189.json,73.88130752142177
201800190.json,73.7870195337114
201800191.json,73.6346516007533
201800192.json,73.90772991139627
201800193.json,73.76899696048632
201800194.json,73.7511353315168
201800195.json,73.78288478983973
201800196.json,73.76999698158768
201800197.json,73.91564463057134
201800198.json,73.91046546101393
201800199.json,73.90402843601895
201800200.json,73.85388938183969
201800201.json,73.84887839433294
201800202.json,73.76811594202898
201800203.json,73.79988432620011
201800204.json,73.74173137762439
201800205.json,73.59518348623854
201800206.json,73.62103458130895
201800207.json,73.63481228668942
201800208.json,73.53438556933483
201800209.json,73.54748603351955
201800210.json,73.76344086021506
201800211.json,73.44736842105263
201800212.json,73.3143153526971
201800213.json,73.25551890383151
201800214.json,73.22376738305942
201800215.json,73.24120603015075
201800216.json,73.17806160781367
201800217.json,73.11908320876931
201800218.json,73.1358024691358
201800219.json,73.22738386308069
201800220.json,73.2976653696498
201800221.json,73.41012718982482
201800222.json,73.43155893536122
201800223.json,73.43155893536122
201800224.json,73.47035199622017
201800225.json,73.53010072616539
201800226.json,73.48891481913653
201800227.json,73.48220516399162
201800228.json,73.42738205365403
201800229.json,73.46703550023052
201800230.json,73.38948326883678
201800231.json,73.40883352208381
201800232.json,73.36796927942173
201800233.json,73.39490876323497
201800234.json,73.45706618962433
201800235.json,73.31410825199644
201800236.json,73.35693737552556
201800237.json,73.374476526339
201800238.json,73.31577792407286
201800239.json,73.11669128508123
201800240.json,73.14561882748477
201800241.json,72.9482651153127
201800242.json,72.8725612287256
201800243.json,72.77043765483072
201800244.json,72.82832441333882
201800245.json,72.82586453857172
201800246.json,72.72542234887034
201800247.json,72.69402681836652
201800248.json,72.68490374873353
201800249.json,72.67394822006472
201800250.json,72.68499797816416
201800251.json,72.66491829735727
201800252.json,72.68145161290323
201800253.json,72.91996830427892
201800254.json,72.95535361517187
201800255.json,72.80943025540275
201800256.json,72.80925308762988
201800257.json,72.89591876586604
201800258.json,72.89519735562902
201800259.json,72.89320388349515
201800260.json,72.88957888608577
201800261.json,72.87872917473848
201800262.json,72.86461359674607
201800263.json,72.8643216080402
201800264.json,72.87480680061825
201800265.json,72.87121065842827
201800266.json,72.85714285714285
201800267.json,72.85714285714285
201800268.json,72.82169648009233
201800269.json,72.93577981651376
201800270.json,73.02281368821293
201800271.json,73.13769751693002
201800272.json,73.07187089510228
201800273.json,73.1071964017991
201800274.json,73.00579114515226
201800275.json,73.01735398395223
201800276.json,72.97951582867785
201800277.json,72.97951582867785
201800278.json,72.98454663935952
201800279.json,72.97096053611318
201800280.json,72.97599106644333
201800281.json,72.87037037037038
201800282.json,72.78585895783465
201800283.json,72.84063818081789
201800284.json,72.76867030965391
201800285.json,72.73885350318471
201800286.json,72.72231314784506
201800287.json,72.53521126760563
201800288.json,72.5864553314121
201800289.json,72.59312578729529
201800290.json,72.62760603882099
201800291.json,72.64727011494253
201800292.json,72.66690595836324
201800293.json,72.6347732952517
201800294.json,72.63646093471282
201800295.json,72.63007840342124
201800296.json,72.58810964756141
201800297.json,72.64017033356991
201800298.json,72.60129801789161
201800299.json,72.59985984583042
201800300.json,72.61367580701146
201800301.json,72.62007976417549
201800302.json,72.62172933633686
201800303.json,72.59515570934256
201800304.json,72.61124525698517
201800305.json,72.62540941217031
201800306.json,72.62540941217031
201800307.json,72.68359643102265
201800308.json,72.68828272430949
201800309.json,72.67581475128645
201800310.json,72.66803840877914
201800311.json,72.66974516846247
201800312.json,72.68842932831994
201800313.json,72.7070879590094
201800314.json,72.72262026612077
201800315.json,72.71177773990114
201800316.json,72.69322437861764
201800317.json,72.73344651952462
201800318.json,72.74270196877121
201800319.json,72.74270196877121
201800320.json,72.74270196877121
201800321.json,72.74270196877121
201800322.json,72.74732733751908
201800323.json,72.74732733751908
201800324.json,72.75195113674924
201800325.json,72.75195113674924
201800326.json,72.66891891891892
201800327.json,72.68737339635382
201800328.json,72.34748010610079
201800329.json,72.3751442228449
201800330.json,72.26229508196721
201800331.json,72.19957606391651
201800332.json,72.19146857701074
201800333.json,72.15844785772029
201800334.json,71.95180722891567
201800335.json,71.84265010351967
201800336.json,71.79933533786992
201800337.json,71.79446640316206
201800338.json,71.798925071135
201800339.json,71.798925071135
201800340.json,71.60590823381521
201800341.json,71.48650756512245
201800342.json,71.36215713621571
201800343.json,71.32705082651012
201800344.json,71.31830811979006
201800345.json,71.185921958684
201800346.json,71.1362248014661
201800347.json,71.14063215758131
201800348.json,71.06260421403668
201800349.json,71.00681302043907
201800350.json,70.8746618575293
201800351.json,70.87714028236708
201800352.json,70.82271841750337
201800353.json,70.79593058049073
201800354.json,70.71460540056691
201800355.json,70.71460540056691
201800356.json,70.72334079045488
201800357.json,70.62937062937063
201800358.json,70.60660124888493
201800359.json,70.61091340450771
201800360.json,70.64477965099083
201800361.json,70.64912021292325
201800362.json,70.55367895432516
201800363.json,70.56753189617247
201800364.json,70.57877813504824
201800365.json,70.57622173595915
201800366.json,70.60279557367501
201800367.json,70.65233183204998
201800368.json,70.6946454413893
201800369.json,70.69962416883492
201800370.json,70.72117460774436
201800371.json,70.72680264291871
201800372.json,70.71854586765124
201800373.json,70.7180776753283
201800374.json,70.7387935805202
201800375.json,70.74012703673019
201800376.json,70.74680236556182
201800377.json,70.72232903048614
201800378.json,70.64832470716425
201800379.json,70.65232193926188
201800380.json,70.64020660595351
201800381.json,70.64419679260668
201800382.json,70.61213434452871
201800383.json,70.61528059499662
201800384.json,70.91390728476821
201800385.json,70.93315684976837
201800386.json,70.95326115658833
201800387.json,70.94220110847189
201800388.json,70.95670482958283
201800389.json,70.8918954420071
201800390.json,70.8918954420071
201800391.json,70.96309866527088
201800392.json,70.96141268803139
201800393.json,70.98330725091289
201800394.json,71.02633969118983
201800395.json,71.01205131527796
201800396.json,71.0374084072503
201800397.json,71.01412066752246
201800398.json,71.06372110841527
201800399.json,71.06741573033707
201800400.json,71.04124236252545
201800401.json,71.10155558366004
201800402.json,71.10520991401113
201800403.json,71.08920899671467
201800404.json,71.08950890039137
201800405.json,71.09768378650554
201800406.json,71.09601107336103
201800407.json,71.37637028014616
201800408.json,71.33641674780915
201800409.json,71.58221797323135
201800410.json,71.59579550883899
201800411.json,71.59918786575898
201800412.json,71.58860684066262
201800413.json,71.57318089793974
201800414.json,71.55941477340312
201800415.json,71.5559253536194
201800416.json,71.5559253536194
201800417.json,71.5521327014218
201800418.json,71.56050201278713
201800419.json,71.56885944155229
201800420.json,71.51801535735382
201800421.json,71.50778669183578
201800422.json,71.49251973141713
201800423.json,71.54899894625922
201800424.json,71.58214536106567
201800425.json,71.57870154133582
201800426.json,71.59528533084374
201800427.json,71.60191342900478
201800428.json,71.61516034985422
201800429.json,71.6017719748193
201800430.json,71.65794066317626
201800431.json,71.66279069767441
201800432.json,71.69811320754717
201800433.json,71.70138888888889
201800434.json,71.73837812896528
201800435.json,71.73714285714286
201800436.json,71.70220043324592
201800437.json,71.65641376167692
201800438.json,71.68292129734634
201800439.json,71.69255186486792
201800440.json,71.71386663657904
201800441.json,71.72934023868498
201800442.json,71.7181899641577
201800443.json,71.74932975871313
201800444.json,71.75248520049145
201800445.json,71.77743086529884
201800446.json,71.77743086529884
201800447.json,71.70628749166852
201800448.json,71.69035984007108
201800449.json,71.78469005073902
201800450.json,71.69294787560227
201800451.json,71.5845801026537
201800452.json,71.50309748940332
201800453.json,71.50910667823071
201800454.json,71.50910667823071
201800455.json,71.50910667823071
201800456.json,71.50910667823071
201800457.json,71.50910667823071
201800458.json,71.50910667823071
201800459.json,71.52604787176432
201800460.json,71.53055705786912
201800461.json,71.53032592272825
201800462.json,71.48542540604495
201800463.json,71.4685013975489
201800464.json,71.47153598281419
201800465.json,71.47766323024055
201800466.json,71.47288480051343
201800467.json,71.50121834940141
201800468.json,71.50121834940141
201800469.json,71.50121834940141
201800470.json,71.48909129421732
201800471.json,71.49661303979678
201800472.json,71.49962959043285
201800473.json,71.47537518495032
201800474.json,71.46630044369321
201800475.json,71.46176594845797
201800476.json,71.43761206623775
201800477.json,71.45110410094637
201800478.json,71.44508670520231
201800479.json,71.44508670520231
201800480.json,71.4630309386471
201800481.json,71.47942623809026
201800482.json,71.4958158995816
201800483.json,71.50156412930136
201800484.json,71.50453550203315
201800485.json,71.51338402249766
201800486.json,71.51780137414117
201800487.json,71.51767151767152
201800488.json,71.45076110593352
201800489.json,71.46401985111662
201800490.json,71.45955996281376
201800491.json,71.45955996281376
201800492.json,71.46396861449514
201800493.json,71.47416100473544
201800494.json,71.46081247435372
201800495.json,71.45199303207296
201800496.json,71.44905273937532
201800497.json,71.43441784325762
201800498.json,71.43441784325762
201800499.json,71.43002960089824
201800500.json,71.4009956314132
201800501.json,71.40247615181651
201800502.json,71.37219186399514
201800503.json,71.3794498381877
201800504.json,71.36372806132741
201800505.json,71.37239084400524
201800506.json,71.38108189785434
201800507.json,71.40847900341572
201800508.json,71.41711765884948
201800509.json,71.4171256885328
201800510.json,71.41999399579706
201800511.json,71.42857142857143
201800512.json,71.43998402236869
201800513.json,71.39864325618515
201800514.json,71.42857142857143
201800515.json,71.42714968152866
201800516.json,71.41862315957025
201800517.json,71.42715264673751
201800518.json,71.42573668022621
201800519.json,71.40047206923683
201800520.json,71.40328449208378
201800521.json,71.35703063629222
201800522.json,71.35288923771216
201800523.json,71.3459464758357
201800524.json,71.3376419898159
201800525.json,71.38392421134876
201800526.json,71.38959267199377
201800527.json,71.38967227462803
201800528.json,71.38967227462803
201800529.json,71.39112707504125
201800530.json,71.40643161565285
201800531.json,71.39543873212216
201800532.json,71.36653155761437
201800533.json,71.3667404058863
201800534.json,71.3763936947328
201800535.json,71.41626794258373
201800536.json,71.4435345648448
201800537.json,71.47201368431055
201800538.json,71.53291506695383
201800539.json,71.51679610742023
201800540.json,71.50738731999252
201800541.json,71.49794546133732
201800542.json,71.5058779623064
201800543.json,71.53345724907064
201800544.json,71.53467644601244
201800545.json,71.53467644601244
201800546.json,71.5304138505694
201800547.json,71.54989384288747
201800548.json,71.5847496554892
201800549.json,71.57933376158576
201800550.json,71.53465346534654
201800551.json,71.54113982041414
201800552.json,71.53719311102968
201800553.json,71.55022433843055
201800554.json,71.56809054399416
201800555.json,71.64192614047792
201800556.json,71.65475436533067
201800557.json,71.65162454873646
201800558.json,71.63158841518259
201800559.json,71.62732250246836
201800560.json,71.62573937981716
201800561.json,71.63564781675018
201800562.json,71.63792333124832
201800563.json,71.67068058157167
201800564.json,71.6625133499466
201800565.json,71.66607396870555
201800566.json,71.65647434193035
201800567.json,71.66504381694256
201800568.json,71.65798994088061
201800569.json,71.67589419105369
201800570.json,71.67118970498117
201800571.json,71.66214916499082
201800572.json,71.65038381018842
201800573.json,71.65532879818595
201800574.json,71.64907996860556
201800575.json,71.64647433103809
201800576.json,71.6388018112156
201800577.json,71.66304819800261
201800578.json,71.64425162689805
201800579.json,71.62501081034334
201800580.json,71.62863070539419
201800581.json,71.71639231824417
201800582.json,71.72106570718752
201800583.json,71.69488626646144
201800584.json,71.69972640218877
201800585.json,71.69601641306205
201800586.json,71.6837606837607
201800587.json,71.7042349726776
201800588.json,71.73876021798365
201800589.json,71.75553106722047
201800590.json,71.76380887834632
201800591.json,71.76251376302194
201800592.json,71.73784355179704
201800593.json,71.74096588990207
201800594.json,71.71445388043387
201800595.json,71.72402243992296
201800596.json,71.73858609464986
201800597.json,71.74438975556853
201800598.json,71.76284453326672
201800599.json,71.78509244672912
201800600.json,71.78509244672912
201800601.json,71.45983626489422
201800602.json,71.45404441562651
201800603.json,71.4424635332253
201800604.json,71.44130276269951
201800605.json,71.40660407898997
201800606.json,71.40660407898997
201800607.json,71.41817005096675
201800608.json,71.39506672058229
201800609.json,71.39737991266377
201800610.json,71.37090263200388
201800611.json,71.29897238278741
201800612.json,71.28530166880617
201800613.json,71.2883925009972
201800614.json,71.27490039840637
201800615.json,71.29681164029577
201800616.json,71.29681164029577
201800617.json,71.30144605116796
201800618.json,71.302761028245
201800619.json,71.302761028245
201800620.json,71.30200917576333
201800621.json,71.2986396709902
201800622.json,71.30675088827478
201800623.json,71.31807419100237
201800624.json,71.31470959595958
201800625.json,71.29906984076935
201800626.json,71.2867386336774
201800627.json,71.26111242231138
201800628.json,71.25226004244949
201800629.json,71.25343811394892
201800630.json,71.26481903116904
201800631.json,71.26481903116904
201800632.json,71.2727558066541
201800633.json,71.29419142431607
201800634.json,71.29419142431607
201800635.json,71.2964414485029
201800636.json,71.30543801911926
201800637.json,71.29426512065183
201800638.json,71.37751534457307
201800639.json,71.37647423960273
201800640.json,71.3775985107043
201800641.json,71.38203815728245
201800642.json,71.36437592004339
201800643.json,71.36106592299946
201800644.json,71.37115473798114
201800645.json,71.37678364828383
201800646.json,71.37678364828383
201800647.json,71.37678364828383
201800648.json,71.37899120777418
201800649.json,71.37899120777418
201800650.json,71.37899120777418
201800651.json,71.40765852531011
201800652.json,71.43076923076923
201800653.json,71.43076923076923
201800654.json,71.44502457002457
201800655.json,71.44282425172679
201800656.json,71.44282425172679
201800657.json,71.45705521472394
201800658.json,71.45705521472394
201800659.json,71.45924392301204
201800660.json,71.46143229566017
201800661.json,71.46470452977695
201800662.json,71.46795313576844
201800663.json,71.46795313576844
201800664.json,71.4745062011943
201800665.json,71.47558548905556
201800666.json,71.45585090131378
201800667.json,71.45585090131378
201800668.json,71.45803100893608
201800669.json,71.46021078356499
201800670.json,71.45365704687738
201800671.json,71.4623721569226
201800672.json,71.4623721569226
201800673.json,71.4623721569226
201800674.json,71.46672771672772
201800675.json,71.47325856412604
201800676.json,71.48413666870043
201800677.json,71.48520890515401
201800678.json,71.48520890515401
201800679.json,71.48520890515401
201800680.json,71.48955633480713
201800681.json,71.5047619047619
201800682.json,71.5069328051196
201800683.json,71.50582679564323
201800684.json,71.49710630520865
201800685.json,71.48511836796834
201800686.json,71.44485825036102
201800687.json,71.45673769621597
201800688.json,71.39294082079964
201800689.json,71.34789156626506
201800690.json,71.34789156626506
201800691.json,71.35114791117803
201800692.json,71.35118868492326
201800693.json,71.36206637633278
201800694.json,71.37605042016807
201800695.json,71.29491017964071
201800696.json,71.23216020324293
201800697.json,71.22909199522103
201800698.json,71.20297951582867
201800699.json,71.21943969681207
201800700.json,71.22697563874034
201800701.json,71.2166172106825
201800702.json,71.20898610700561
201800703.json,71.02414045354791
201800704.json,71.02414045354791
201800705.json,71.0334257772588
201800706.json,70.99264438132693
201800707.json,71.00152738380973
201800708.json,70.87076209794263
201800709.json,70.86562839550888
201800710.json,70.86500180962722
201800711.json,70.86739492150762
201800712.json,70.87371618689426
201800713.json,70.8537994799191
201800714.json,70.81030646666187
201800715.json,70.8043337877592
201800716.json,70.8037570803757
201800717.json,70.78853046594982
201800718.json,70.77694235588973
201800719.json,70.78145126663804
201800720.json,70.77472331310246
201800721.json,70.76286305573396
201800722.json,70.76286305573396
201800723.json,70.69774051442376
201800724.json,70.69932552360667
201800725.json,70.69210041128919
201800726.json,70.68623280873388
201800727.json,70.65448363790905
201800728.json,70.64687168610817
201800729.json,70.66968070076292
201800730.json,70.65470725333711
201800731.json,70.6504868068294
201800732.json,70.65737612612612
201800733.json,70.63665142455153
201800734.json,70.64820022497187
201800735.json,70.64736065228088
201800736.json,70.62662269314434
201800737.json,70.62991021324355
201800738.json,70.62697022767075
201800739.json,70.60758784824304
201800740.json,70.63331707656936
201800741.json,70.62386854198579
201800742.json,70.61601500104175
201800743.json,70.61966553327319
201800744.json,70.61433920399391
201800745.json,70.58823529411765
201800746.json,70.59393603765749
201800747.json,70.59474412171508
201800748.json,70.59392933692872
201800749.json,70.5910819218804
201800750.json,70.58701657458563
201800751.json,70.58174039058727
201800752.json,70.57403063336552
201800753.json,70.57932079630777
201800754.json,70.56920641475669
201800755.json,70.57164476852171
201800756.json,70.57408044001376
201800757.json,70.57327467693155
201800758.json,70.57772892766366
201800759.json,70.57370299203953
201800760.json,70.57048820625343
201800761.json,70.48196877769446
201800762.json,70.48800436205016
201800763.json,70.4700272479564
201800764.json,70.47729284401171
201800765.json,70.4709405199401
201800766.json,70.47619047619048
201800767.json,70.44311540029904
201800768.json,70.4428144525944
201800769.json,70.43495962543258
201800770.json,70.44745762711865
201800771.json,70.45269720791542
201800772.json,70.45038943447341
201800773.json,70.45854186392533
201800774.json,70.44059105323528
201800775.json,70.44826423997304
201800776.json,70.40521470331295
201800777.json,70.40521470331295
201800778.json,70.41042520319742
201800779.json,70.41042520319742
201800780.json,70.41062801932367
201800781.json,70.41904123365738
201800782.json,70.38500167392033
201800783.json,70.29140489239406
201800784.json,70.29537556802994
201800785.json,70.28453112476623
201800786.json,70.28453112476623
201800787.json,70.28506575872888
201800788.json,70.28632450110125
201800789.json,70.27549863251285
201800790.json,70.27279397051957
201800791.json,70.27477657729759
201800792.json,70.26738681069547
201800793.json,70.23754075454121
201800794.json,70.24623349040951
201800795.json,70.25215660252157
201800796.json,70.25610403397027
201800797.json,70.18272973151262
201800798.json,70.16618306515431
201800799.json,70.16352367137017
201800800.json,70.15613676790302
201800801.json,70.16006850668599
201800802.json,70.15082658236184
201800803.json,70.15868835187989
201800804.json,70.15534491837809
201800805.json,70.14729089952655
201800806.json,70.16889238020424
201800807.json,70.1969479587844
201800808.json,70.20472030251662
201800809.json,70.21831215379602
201800810.json,70.21248944050946
201800811.json,70.21290406335194
201800812.json,70.17236910316225
201800813.json,70.17725449605382
201800814.json,70.17464424320828
201800815.json,70.17396365517688
201800816.json,70.17396365517688
201800817.json,70.17509853330749
201800818.json,70.17702545548521
201800819.json,70.18789952863692
201800820.json,70.19491416032012
201800821.json,70.19683768957728
201800822.json,70.2019224566157
201800823.json,70.19931626136878
201800824.json,70.19931626136878
201800825.json,70.20316027088036
201800826.json,70.21084531562319
201800827.json,70.18221621273581
201800828.json,70.18209896403063
201800829.json,70.16393442622952
201800830.json,70.15807736794757
201800831.json,70.15807736794757
201800832.json,70.15356936323332
201800833.json,70.1455221488557
201800834.json,70.1619614621343
201800835.json,70.1619614621343
201800836.json,70.16387146332096
201800837.json,70.16387146332096
201800838.json,70.16387146332096
201800839.json,70.18024329660531
201800840.json,70.1736530755041
201800841.json,70.1707611248651
201800842.json,70.18066561014264
201800843.json,70.18444571211256
201800844.json,70.18377693282636
201800845.json,70.19510959077664
201800846.json,70.19255130478844
201800847.json,70.18987341772151
201800848.json,70.18987341772151
201800849.json,70.2040300675889
201800850.json,70.22337203432609
201800851.json,70.20981664671413
201800852.json,70.2116935483871
201800853.json,70.19145988159717
201800854.json,70.19145988159717
201800855.json,70.18703948611373
201800856.json,70.18383278771091
201800857.json,70.17996476214448
201800858.json,70.16716943187531
201800859.json,70.14953505906007
201800860.json,70.07691826652493
201800861.json,69.97637403630938
201800862.json,69.97515527950311
201800863.json,69.9609156895589
201800864.json,69.95968992248062
201800865.json,69.95535160610194
201800866.json,69.96093992187984
201800867.json,69.96280223186608
201800868.json,69.79742173112339
201800869.json,69.85001530456077
201800870.json,69.78829845647002
201800871.json,69.78829845647002
201800872.json,69.79198438357835
201800873.json,69.79382700988165
201800874.json,69.79382700988165
201800875.json,69.79382700988165
201800876.json,69.79566941140591
201800877.json,69.79084090493323
201800878.json,69.78233034571063
201800879.json,69.77877993783899
201800880.json,69.70524017467248
201800881.json,69.65062862669245
201800882.json,69.58381015479131
201800883.json,69.59321217956432
201800884.json,69.5950006008893
201800885.json,69.58270789552688
201800886.json,69.58530876792895
201800887.json,69.49162679425838
201800888.json,69.49041161359699
201800889.json,69.49071586363364
201800890.json,69.52403645678203
201800891.json,69.52562347479316
201800892.json,69.51633053721221
201800893.json,69.54275534441805
201800894.json,69.5347733206741
201800895.json,69.53194518597616
201800896.json,69.52296296296296
201800897.json,69.53485619599952
201800898.json,69.51176261969499
201800899.json,69.47492625368731
201800900.json,69.46097201767304
201800901.json,69.45818610129564
201800902.json,69.43873053188364
201800903.json,69.47671007861082
201800904.json,69.50670021651355
201800905.json,69.49757267356847
201800906.json,69.48836123913425
201800907.json,69.48324022346368
201800908.json,69.47919697410534
201800909.json,69.52104499274311
201800910.json,69.51601671309191
201800911.json,69.52386475671287
201800912.json,69.51713756368689
201800913.json,69.53282901195357
201800914.json,69.53886997172044
201800915.json,69.52836715867159
201800916.json,69.5171142099804
201800917.json,69.52666129218012
201800918.json,69.53646192776628
201800919.json,69.53996549741231
201800920.json,69.53326827027958
201800921.json,69.5366508598526
201800922.json,69.53646159986316
201800923.json,69.57041251778094
201800924.json,69.51835252737278
201800925.json,69.51171099642715
201800926.json,69.51889839632798
201800927.json,69.52062556663645
201800928.json,69.50474898236092
201800929.json,69.47689182326053
201800930.json,69.47605633802817
201800931.json,69.46556287661204
201800932.json,69.46758217019361
201800933.json,69.47599235353648
201800934.json,69.47953511874684
201800935.json,69.45705160531182
201800936.json,69.41012021246856
201800937.json,69.40920015650327
201800938.json,69.39835763365176
201800939.json,69.3896870475554
201800940.json,69.38707342871459
201800941.json,69.39127531716002
201800942.json,69.41078376876042
201800943.json,69.4230021658244
201800944.json,69.42717584369449
201800945.json,69.42717584369449
201800946.json,69.42533836254715
201800947.json,69.41887545746923
201800948.json,69.3913717671817
201800949.json,69.37928745297633
201800950.json,69.3826750746764
201800951.json,69.38606194690266
201800952.json,69.38561079466903
201800953.json,69.38515979210439
201800954.json,69.38549955791335
201800955.json,69.38459838691857
201800956.json,69.38245691559877
201800957.json,69.38245691559877
201800958.json,69.39676582592858
201800959.json,69.36524568466332
201800960.json,69.35730680948737
201800961.json,69.37162788162843
201800962.json,69.3732970027248
201800963.json,69.3732970027248
201800964.json,69.37118570183087
201800965.json,69.37118570183087
201800966.json,69.37118570183087
201800967.json,69.37118570183087
201800968.json,69.37285457418406
201800969.json,69.37285457418406
201800970.json,69.37452326468345
201800971.json,69.37452326468345
201800972.json,69.36986002941016
201800973.json,69.36564116526
201800974.json,69.38642297650131
201800975.json,69.51556156968877
201800976.json,69.51133719357108
201800977.json,69.53049109552077
201800978.json,69.5919567891331
201800979.json,69.59358288770053
201800980.json,69.59751991020364
201800981.json,69.5986747181104
201800982.json,69.61025093432995
201800983.json,69.60721528444871
201800984.json,69.6051227321238
201800985.json,69.59466666666667
201800986.json,69.59276018099547
201800987.json,69.58187041174592
201800988.json,69.55483631347164
201800989.json,69.58615580016935
201800990.json,69.58937453698803
201800991.json,69.59373677528565
201800992.json,69.55494909205416
201800993.json,69.40980013567814
201800994.json,69.40415318793697
201800995.json,69.40605934192001
201800996.json,69.40582200697808
201800997.json,69.41529235382309
201800998.json,69.40599173553719
201800999.json,69.39786388731231
201801000.json,69.40014404774153
201801001.json,69.4012961629462
201801002.json,69.40444353013783
201801003.json,69.41188566728357
201801004.json,69.40578295927277
201801005.json,69.40735414954807
201801006.json,69.41049604601007
201801007.json,69.40693196405648
201801008.json,69.40693196405648
201801009.json,69.41164390594517
201801010.json,69.39257131130721
201801011.json,69.39215183380354
201801012.json,69.40206818879902
201801013.json,69.40791157054399
201801014.json,69.40791157054399
201801015.json,69.4097790507365
201801016.json,69.41290784494221
201801017.json,69.40580895888729
201801018.json,69.40226006033645
201801019.json,69.3951633519096
201801020.json,69.39318030775523
201801021.json,69.38963296186485
201801022.json,69.38963296186485
201801023.json,69.39119766906916
201801024.json,69.39390842191332
201801025.json,69.39547243088559
201801026.json,69.39703628002044
201801027.json,69.40016349887594
201801028.json,69.39567170273581
201801029.json,69.39879554965806
201801030.json,69.38817165892739
201801031.json,69.38973364629044
201801032.json,69.38973364629044
201801033.json,69.3959800020406
201801034.json,69.3959800020406
201801035.json,69.3975411926746
201801036.json,69.39587050726485
201801037.json,69.39233278955955
201801038.json,69.39721006007535
201801039.json,69.4013529322008
201801040.json,69.39937954533896
201801041.json,69.39585028478437
201801042.json,69.39585028478437
201801043.json,69.40010167768175
201801044.json,69.40787801778907
201801045.json,69.40435047773937
201801046.json,69.40590537175383
201801047.json,69.40237829047668
201801048.json,69.37772372554981
201801049.json,69.39415393951653
201801050.json,69.39742039500202
201801051.json,69.3937106918239
201801052.json,69.36755915004773
201801053.json,69.41647883796645
201801054.json,69.44236059014753
201801055.json,69.439448441247
201801056.json,69.43556443556443
201801057.json,69.43320848938826
201801058.json,69.4323798112925
201801059.json,69.44153316364725
201801060.json,69.43849334861243
201801061.json,69.42066494127016
201801062.json,69.418731959789
201801063.json,69.42678323067753
201801064.json,69.439205955335
201801065.json,69.39825811559778
201801066.json,69.39825811559778
201801067.json,69.40612174257033
201801068.json,69.39723320158103
201801069.json,69.38503334156582
201801070.json,69.39178515007899
201801071.json,69.38906119233988
201801072.json,69.34611602753196
201801073.json,69.31266251287838
201801074.json,69.30018145260163
201801075.json,69.2979015493234
201801076.json,69.28088566669932
201801077.json,69.296833064949
201801078.json,69.28665463942659
201801079.json,69.24987822698489
201801080.json,69.24761533969243
201801081.json,69.25621442817533
201801082.json,69.1381800674049
201801083.json,69.1381800674049
201801084.json,69.13930875132377
201801085.json,69.13895172546566
201801086.json,69.13895172546566
201801087.json,69.13058105445283
201801088.json,69.13058105445283
201801089.json,69.13710450623202
201801090.json,69.13935211807552
201801091.json,69.18190935574765
201801092.json,69.16583202174846
201801093.json,69.18140330861381
201801094.json,69.18003226724875
201801095.json,69.01666275522177
201801096.json,69.01256564141035
201801097.json,68.99784381738071
201801098.json,68.99784381738071
201801099.json,69.00261976047905
201801100.json,69.01243804357992
201801101.json,69.00789756530679
201801102.json,69.00289692552099
201801103.json,69.00363839910439
201801104.json,68.9825378346915
201801105.json,68.97738903880153
201801106.json,68.97642189461935
201801107.json,68.96824289766123
201801108.json,68.96936451118033
201801109.json,68.95798475553076
201801110.json,68.95494658615885
201801111.json,68.94631837795203
201801112.json,68.94536684908635
201801113.json,68.94602733379662
201801114.json,68.92736447386694
201801115.json,69.05556557820674
201801116.json,69.05910463910554
201801117.json,69.0523287178565
201801118.json,69.05061584105007
201801119.json,69.04890327220424
201801120.json,68.97398134511536
201801121.json,68.96982124548656
201801122.json,68.97426765203456
201801123.json,68.97257834757835
201801124.json,68.97165487473858
201801125.json,68.96643698599689
201801126.json,68.95847212969132
201801127.json,68.963679957375
201801128.json,68.9636823200745
201801129.json,68.93711248892825
201801130.json,68.92627850343148
201801131.json,68.90953328909534
201801132.json,68.9103131080842
201801133.json,68.88063988687082
201801134.json,68.88309622691526
201801135.json,68.88054758224774
201801136.json,68.8813349814586
201801137.json,68.87908208296558
201801138.json,68.87017110601516
201801139.json,68.88624653190647
201801140.json,68.89876369395927
201801141.json,68.9001319841619
201801142.json,68.89377611612052
201801143.json,68.90335062879255
201801144.json,68.84628851540616
201801145.json,68.84628851540616
201801146.json,68.84973549599965
201801147.json,68.84672553991432
201801148.json,68.8475154057952
201801149.json,68.84902448605473
201801150.json,68.84873876232871
201801151.json,68.85088561207574
201801152.json,68.87030746450658
201801153.json,68.86808881149325
201801154.json,68.87157839766743
201801155.json,68.86558461337626
201801156.json,68.86558461337626
201801157.json,68.86172850245748
201801158.json,68.86172850245748
201801159.json,68.86058340216493
201801160.json,68.85894370788958
201801161.json,68.83246527777777
201801162.json,68.84595480420907
201801163.json,68.84595480420907
201801164.json,68.84298589848635
201801165.json,68.84107958954903
201801166.json,68.97181961151017
201801167.json,68.96947051080633
201801168.json,68.95717499257246
201801169.json,68.95263961975895
201801170.json,68.86879343548522
201801171.json,68.86535805466036
201801172.json,68.90149776795027
201801173.json,68.89992073755789
201801174.json,68.83343730505302
201801175.json,68.83343730505302
201801176.json,68.8341925827374
201801177.json,68.83133081112544
201801178.json,68.82976512159634
201801179.json,68.83365200764818
201801180.json,68.83197741989042
201801181.json,68.83316062176166
201801182.json,68.8263805460044
201801183.json,68.82214223656447
201801184.json,68.78828995518276
201801185.json,68.73515196198903
201801186.json,68.73852930380521
201801187.json,68.70850812528
201801188.json,68.70393745673684
201801189.json,68.70368862470482
201801190.json,68.72051407190499
201801191.json,68.70225906062085
201801192.json,68.6551501453019
201801193.json,68.60132823505735
201801194.json,68.58579762623215
201801195.json,68.52773540980974
201801196.json,68.50777906651201
201801197.json,68.50777906651201
201801198.json,68.50985566350806
201801199.json,68.50985566350806
201801200.json,68.51740816244953
201801201.json,68.51770529761667
201801202.json,68.52021875374237
201801203.json,68.52273180856584
201801204.json,68.2685093780849
201801205.json,68.26630885196732
201801206.json,68.26361483820047
201801207.json,68.06831566548881
201801208.json,68.06815059082166
201801209.json,68.06815059082166
201801210.json,68.054302193275
201801211.json,68.04863698764464
201801212.json,68.04467084639498
201801213.json,68.04200462364327
201801214.json,68.04740671203943
201801215.json,68.04740671203943
201801216.json,68.04740671203943
201801217.json,68.04740671203943
201801218.json,68.04740671203943
201801219.json,68.04740671203943
201801220.json,68.04865647123245
201801221.json,68.05115569635105
201801222.json,68.05115569635105
201801223.json,68.04974385045558
201801224.json,68.05723892559722
201801225.json,68.04421702277254
201801226.json,68.04546519803141
201801227.json,68.04655158947122
201801228.json,68.05479665912107
201801229.json,68.05729004058695
201801230.json,68.05696449473272
201801231.json,68.05945692883894
201801232.json,68.02493182703545
201801233.json,67.98555564184204
201801234.json,67.98555564184204
201801235.json,67.98679867986799
201801236.json,67.97920626915467
201801237.json,67.97920626915467
201801238.json,67.98169052329416
201801239.json,67.98169052329416
201801240.json,67.97968441049898
201801241.json,67.97441364605544
201801242.json,67.99380325329201
201801243.json,67.99876084262702
201801244.json,68.01033791081623
201801245.json,67.99830658507486
201801246.json,68.01230296039985
201801247.json,68.00506698399293
201801248.json,68.01120663186981
201801249.json,67.98635597117891
201801250.json,68.00199149783616
201801251.json,68.00811762903966
201801252.json,68.00596946389622
201801253.json,68.00198769160201
201801254.json,67.94793495686694
201801255.json,67.92373689227837
201801256.json,67.9283400038117
201801257.json,67.9176986092589
201801258.json,67.86719403666235
201801259.json,67.88049262581724
201801260.json,67.87247786601817
201801261.json,67.87111972339375
201801262.json,67.88576202954692
201801263.json,67.88548429965448
201801264.json,67.8867036221429
201801265.json,67.88778376736771
201801266.json,67.89144050104385
201801267.json,67.92874739435285
201801268.json,67.92124853569135
201801269.json,67.92124853569135
201801270.json,67.92246070133011
201801271.json,67.95457118062106
201801272.json,67.95669722002188
201801273.json,67.95069918208888
201801274.json,67.94712461868716
201801275.json,67.95195240426253
201801276.json,67.9474634954087
201801277.json,67.95093686507639
201801278.json,67.95777293560748
201801279.json,67.95978089592558
201801280.json,67.94780456710038
201801281.json,67.95952782462057
201801282.json,67.95818188631169
201801283.json,67.96316400254557
201801284.json,67.9616737779774
201801285.json,67.97026744359779
201801286.json,67.9892601431981
201801287.json,67.98538349677467
201801288.json,67.98538349677467
201801289.json,67.98881640260952
201801290.json,67.98315883602221
201801291.json,67.93589409883613
201801292.json,67.9454295379354
201801293.json,67.94766966475879
201801294.json,67.95237918629232
201801295.json,67.95594452273232
201801296.json,67.95832097300504
201801297.json,67.96159691589132
201801298.json,67.96116504854369
201801299.json,67.95469686875416
201801300.json,67.94672586015538
201801301.json,67.94971344056204
201801302.json,67.94085027726433
201801303.json,67.94085027726433
201801304.json,67.92905967116202
201801305.json,67.92731570394446
201801306.json,67.94276019768385
201801307.json,67.97907996022245
201801308.json,67.98011415945498
201801309.json,67.9783552970625
201801310.json,67.97703180212014
201801311.json,67.97821046045125
201801312.json,67.9835360699717
201801313.json,67.98103777745112
201801314.json,67.96284056693838
201801315.json,67.97006822683589
201801316.json,67.97932020679794
201801317.json,67.97932020679794
201801318.json,67.975509605514
201801319.json,67.95875082278944
201801320.json,67.9599224777855
201801321.json,67.96361245067952
201801322.json,67.9666958808063
201801323.json,67.97521414251868
201801324.json,67.97188023603118
201801325.json,67.97119371499237
201801326.json,67.94727477395693
201801327.json,67.91680255100192
201801328.json,67.92807785535979
201801329.json,67.97951381374882
201801330.json,67.98024228439573
201801331.json,67.9762119300775
201801332.json,67.98127138483703
201801333.json,67.9748427672956
201801334.json,67.97714449994609
201801335.json,67.97169641895047
201801336.json,67.97948276480506
201801337.json,68.0711976409564
201801338.json,68.0662119920432
201801339.json,68.07143364339984
201801340.json,68.07551722914226
201801341.json,68.07929640400029
201801342.json,68.0738692754856
201801343.json,68.07455176812415
201801344.json,68.06853582554517
201801345.json,68.05560468324431
201801346.json,68.02528873662276
201801347.json,68.02161322220653
201801348.json,68.00860913132453
201801349.json,68.01974960324458
201801350.json,68.01608011848508
201801351.json,68.02395209580838
201801352.json,68.02014368220877
201801353.json,68.02352195499842
201801354.json,68.02352195499842
201801355.json,67.97957184832796
201801356.json,67.97803888655756
201801357.json,67.95387034771973
201801358.json,67.9490312445453
201801359.json,67.96194326340002
201801360.json,67.96518711923412
201801361.json,67.96673857073272
201801362.json,67.97067713580932
201801363.json,67.96942852179954
201801364.json,67.96942852179954
201801365.json,67.89807152996572
201801366.json,67.8991422246818
201801367.json,67.89364640883979
201801368.json,67.85862068965517
201801369.json,67.7894374677447
201801370.json,67.79031370390754
201801371.json,67.74060871949547
201801372.json,67.74005686684252
201801373.json,67.74005686684252
201801374.json,67.74866602818443
201801375.json,67.75494854876757
201801376.json,67.77277072238154
201801377.json,67.69162815982604
201801378.json,67.70536320434488
201801379.json,67.70858053361358
201801380.json,67.70946312364426
201801381.json,67.69324488967105
201801382.json,67.69251581047719
201801383.json,67.70203129752932
201801384.json,67.69157994323557
201801385.json,67.69157994323557
201801386.json,67.69376309210082
201801387.json,67.68799405445579
201801388.json,67.68212367861123
201801389.json,67.68311214669232
201801390.json,67.67013503047446
201801391.json,67.53255470532957
201801392.json,67.4767044311859
201801393.json,67.47411800180923
201801394.json,67.46552416655508
201801395.json,67.43626582912894
201801396.json,67.43347467530299
201801397.json,67.43564918372115
201801398.json,67.43782340176932
201801399.json,67.43332109356744
201801400.json,67.43324432576769
201801401.json,67.43316757334046
201801402.json,67.2696178385845
201801403.json,67.26519337016575
201801404.json,67.2655608474298
201801405.json,67.27499507647869
201801406.json,67.28036493715337
201801407.json,67.28036493715337
201801408.json,67.27022239716591
201801409.json,67.26992557621062
201801410.json,67.2630164815361
201801411.json,67.27135793575428
201801412.json,67.27766685214887
201801413.json,67.29543299879042
201801414.json,67.2885897268331
201801415.json,67.2885897268331
201801416.json,67.29167347205436
201801417.json,67.29167347205436
201801418.json,67.29594669627984
201801419.json,67.29588504245592
201801420.json,67.29545380372703
201801421.json,67.29545380372703
201801422.json,67.29212896488708
201801423.json,67.29307363544419
201801424.json,67.27326093337247
201801425.json,67.27640288238939
201801426.json,67.27201591079522
201801427.json,67.27195670600508
201801428.json,67.27249039150543
201801429.json,67.26917440156326
201801430.json,67.27130621682352
201801431.json,67.27343775440424
201801432.json,67.27337848398021
201801433.json,67.3051948051948
201801434.json,67.17705203992635
201801435.json,67.17478361968739
201801436.json,67.17665666053388
201801437.json,67.14681618973962
201801438.json,67.14681618973962
201801439.json,67.14676977605929
201801440.json,67.13012133500692
201801441.json,67.09499180828166
201801442.json,67.09173840421431
201801443.json,66.97006602140888
201801444.json,66.93344431283414
201801445.json,66.93855356171832
201801446.json,66.94590101035938
201801447.json,66.94449766877435
201801448.json,66.94341550645038
201801449.json,66.93695131683958
201801450.json,66.9421223916789
201801451.json,66.93358004211063
201801452.json,66.93864541832669
201801453.json,66.9279546251155
201801454.json,66.93214399490284
201801455.json,66.92758050146367
201801456.json,66.89126910974795
201801457.json,66.88912193726762
201801458.json,66.88697531060342
201801459.json,66.87099028139491
201801460.json,66.86247737592481
201801461.json,66.86773763413551
201801462.json,66.84742967684649
201801463.json,66.84077239632795
201801464.json,66.83855863836249
201801465.json,66.80668287907021
201801466.json,66.80450771804665
201801467.json,66.82746878547105
201801468.json,66.82951429381914
201801469.json,66.83577010335266
201801470.json,66.83553066297473
201801471.json,66.83861227314189
201801472.json,66.84265107947583
201801473.json,66.84046863712034
201801474.json,66.84775781936942
201801475.json,66.86099357467482
201801476.json,66.85465425948553
201801477.json,66.86462663707687
201801478.json,66.8768337599101
201801479.json,66.87761082361743
201801480.json,66.87338340241205
201801481.json,66.85961472629384
201801482.json,66.86270848892208
201801483.json,66.87286291576002
201801484.json,66.87490287490287
201801485.json,66.8769422001243
201801486.json,66.87263242873999
201801487.json,66.876629018245
201801488.json,66.87959316567955
201801489.json,66.88778673279603
201801490.json,66.90175699084385
201801491.json,66.9086752347998
201801492.json,66.90654147878189
201801493.json,66.90747429841622
201801494.json,66.90321187251241
201801495.json,66.89270412723855
201801496.json,66.89157962843146
201801497.json,66.89742169712633
201801498.json,66.90452755905511
201801499.json,66.90348772836316
201801500.json,66.94925628940442
201801501.json,66.94915254237289
201801502.json,66.95107033639144
201801503.json,66.94873831490193
201801504.json,66.9321858023561
201801505.json,66.91979261970113
201801506.json,66.9203141170025
201801507.json,66.92930153321977
201801508.json,66.89445481365524
201801509.json,66.88028402082017
201801510.json,66.88319499578974
201801511.json,66.88709871347842
201801512.json,66.88606377543354
201801513.json,66.88497010845074
201801514.json,66.88688027386564
201801515.json,66.88986307950996
201801516.json,66.89085722864435
201801517.json,66.89185131808082
201801518.json,66.89682086998289
201801519.json,66.89779378658261
201801520.json,66.90369036903691
201801521.json,66.90759679692889
201801522.json,66.9004165542869
201801523.json,66.89940367384855
201801524.json,66.85598134752198
201801525.json,66.86183719193428
201801526.json,66.8677397198913
201801527.json,66.87167850958382
201801528.json,66.86365807067813
201801529.json,66.88327173005842
201801530.json,66.89410642989094
201801531.json,66.8960381292821
201801532.json,66.8904068904069
201801533.json,66.89235337787677
201801534.json,66.88936397648317
201801535.json,66.8893441406134
201801536.json,66.8893441406134
201801537.json,66.89028734267394
201801538.json,66.8880652335063
201801539.json,66.88706377679604
201801540.json,66.8918918918919
201801541.json,66.90549502605401
201801542.json,66.9122651279775
201801543.json,66.89928440475487
201801544.json,66.89532820816085
201801545.json,66.85447948317059
201801546.json,66.80258140217073
201801547.json,66.7552492480215
201801548.json,66.75230643466075
201801549.json,66.75326950023354
201801550.json,66.75711951447245
201801551.json,66.75419401896427
201801552.json,66.75419401896427
201801553.json,66.71911421911422
201801554.json,66.5816843874033
201801555.json,66.52019311381572
201801556.json,66.52309649072093
201801557.json,66.5337724620096
201801558.json,66.53962754439151
201801559.json,66.54355541449057
201801560.json,66.5466071171301
201801561.json,66.55339246630572
201801562.json,66.55148583275744
201801563.json,66.55829209345148
201801564.json,66.56026227245276
201801565.json,66.52237479574578
201801566.json,66.52046783625731
201801567.json,66.52238720403601
201801568.json,66.54354921834737
201801569.json,66.53035545769109
201801570.json,66.54300553621368
201801571.json,66.54401277882367
201801572.json,66.53834089029573
201801573.json,66.52507340992673
201801574.json,66.52130540116859
201801575.json,66.52225959071994
201801576.json,66.52799544094601
201801577.json,66.53012459464072
201801578.json,66.52490714751495
201801579.json,66.52585620322068
201801580.json,66.92467748647523
201801581.json,66.9255735249244
201801582.json,66.9255735249244
201801583.json,66.92171213129296
201801584.json,66.92537975385298
201801585.json,66.92352468331623
201801586.json,66.92352468331623
201801587.json,66.92352468331623
201801588.json,66.92352468331623
201801589.json,66.92352468331623
201801590.json,66.92352468331623
201801591.json,66.91604322527016
201801592.json,66.9178765377369
201801593.json,66.91970964703275
201801594.json,66.91970964703275
201801595.json,66.91689750692521
201801596.json,66.9121107266436
201801597.json,66.89994744267102
201801598.json,66.89620841284327
201801599.json,66.89710477559937
201801600.json,66.89710477559937
201801601.json,66.89710477559937
201801602.json,66.85905224787363
201801603.json,66.85535980560005
201801604.json,66.85349826053344
201801605.json,66.7842866988284
201801606.json,66.7796423355653
201801607.json,66.78783873099802
201801608.json,66.78964757709251
201801609.json,66.78119846069269
201801610.json,66.78565544510955
201801611.json,66.78464619858974
201801612.json,66.79007267242561
201801613.json,66.75068493150685
201801614.json,66.7497534786896
201801615.json,66.7396780199321
201801616.json,66.73601795833447
201801617.json,66.7186516730964
201801618.json,66.7257360959651
201801619.json,66.72208896641953
201801620.json,66.73296460779773
201801621.json,66.73477727829996
201801622.json,66.74830598416197
201801623.json,66.73920731209707
201801624.json,66.73645286712527
201801625.json,66.73281861678991
201801626.json,66.73551472986195
201801627.json,66.73732268058046
201801628.json,66.73732268058046
201801629.json,66.73550911709557
201801630.json,66.74091983374535
201801631.json,66.73273240660296
201801632.json,66.7244884130641
201801633.json,66.73615247170936
201801634.json,66.73790137149349
201801635.json,66.74144548353965
201801636.json,66.74144548353965
201801637.json,66.73773987206823
201801638.json,66.73773411777407
201801639.json,66.72601704974642
201801640.json,66.73137064596139
201801641.json,66.73224102619382
201801642.json,66.73312676815304
201801643.json,66.7322145300757
201801644.json,66.73488622593241
201801645.json,66.72677845665223
201801646.json,66.71956960322798
201801647.json,66.7168593707986
201801648.json,66.71596042159604
201801649.json,66.71236559139786
201801650.json,66.70877570219056
201801651.json,66.70877230703076
201801652.json,66.70787090532878
201801653.json,66.70696974582191
201801654.json,66.70695675530486
201801655.json,66.70336752779419
201801656.json,66.6997638471447
201801657.json,66.6908037653874
201801658.json,66.69526516167087
201801659.json,66.69703628275899
201801660.json,66.69791861991374
201801661.json,66.71213093709885
201801662.json,66.71300256629597
201801663.json,66.70942569282985
201801664.json,66.70586034579514
201801665.json,66.72792159369341
201801666.json,66.70835550824907
201801667.json,66.6950143510152
201801668.json,66.70736238653856
201801669.json,66.71177625643475
201801670.json,66.71882044074358
201801671.json,66.70544377759565
201801672.json,66.70190554219415
201801673.json,66.70623928241656
201801674.json,66.70269985235183
201801675.json,66.70269700245181
201801676.json,66.70181636042496
201801677.json,66.69740968141453
201801678.json,66.71402262562484
201801679.json,66.71226390277266
201801680.json,66.72095405710682
201801681.json,66.71568498726398
201801682.json,66.70774878720336
201801683.json,66.70425046542728
201801684.json,66.72946101517529
201801685.json,66.73899971241079
201801686.json,66.73808528428094
201801687.json,66.7424183057754
201801688.json,66.74586183489113
201801689.json,66.74236491777604
201801690.json,66.74911476775671
201801691.json,66.75257731958763
201801692.json,66.75256390233744
201801693.json,66.75256390233744
201801694.json,66.75425360320516
201801695.json,66.73075424147159
201801696.json,66.7150522304881
201801697.json,66.71418573909438
201801698.json,66.71330845771143
201801699.json,66.71244234855159
201801700.json,66.71157632915327
201801701.json,66.71157632915327
201801702.json,66.71674653542287
201801703.json,66.72963950208329
201801704.json,66.69421487603306
201801705.json,66.68645927455789
201801706.json,66.69419567966553
201801707.json,66.69676720245621
201801708.json,66.69590567838807
201801709.json,66.69762402290844
201801710.json,66.69503107191666
201801711.json,66.70018305102225
201801712.json,66.69845852451411
201801713.json,66.70273891422535
201801714.json,66.70102030299907
201801715.json,66.76908895375634
201801716.json,66.76992396508025
201801717.json,66.77241097011871
201801718.json,66.77241097011871
201801719.json,66.77410278054894
201801720.json,66.77324466044251
201801721.json,66.77570212874703
201801722.json,66.77309765255818
201801723.json,66.76110983485208
201801724.json,66.76024705221786
201801725.json,66.76533632744717
201801726.json,66.76445827699686
201801727.json,66.76445827699686
201801728.json,66.76265226033333
201801729.json,66.76514032496307
201801730.json,66.75912260165912
201801731.json,66.75221059050716
201801732.json,66.75048257645027
201801733.json,66.75716134270418
201801734.json,66.75268164339204
201801735.json,66.75431721068999
201801736.json,66.75262944983818
201801737.json,66.75262293009733
201801738.json,66.75262293009733
201801739.json,66.73656022635409
201801740.json,66.70283911671925
201801741.json,66.63898117386489
201801742.json,66.62892796940649
201801743.json,66.59717163598
201801744.json,66.6014105363552
201801745.json,66.60142036186605
201801746.json,66.60225846925972
201801747.json,66.60225846925972
201801748.json,66.48381788261108
201801749.json,66.47649418271506
201801750.json,66.46503870758967
201801751.json,66.46924148914991
201801752.json,66.46843663689069
201801753.json,66.46189812972543
201801754.json,66.47111464651486
201801755.json,66.47286821705426
201801756.json,66.47286821705426
201801757.json,66.47621413489007
201801758.json,66.48121010407094
201801759.json,66.48121010407094
201801760.json,66.48121010407094
201801761.json,66.48287509624221
201801762.json,66.48287509624221
201801763.json,66.48122392211405
201801764.json,66.4895466057506
201801765.json,66.48790903222603
201801766.json,66.49139342229277
201801767.json,66.4947686815094
201801768.json,66.4947686815094
201801769.json,66.47265702397463
201801770.json,66.47265702397463
201801771.json,66.47028244671634
201801772.json,66.4174500949984
201801773.json,66.42247545755019
201801774.json,66.42330365291173
201801775.json,66.41511295255006
201801776.json,66.4143219983725
201801777.json,66.41351251387006
201801778.json,66.39156463255401
201801779.json,66.38912154505591
201801780.json,66.38912154505591
201801781.json,66.38748614361376
201801782.json,66.38914205483164
201801783.json,66.38914205483164
201801784.json,66.39340226489414
201801785.json,66.39350313768918
201801786.json,66.39269631124345
201801787.json,66.39364423455334
201801788.json,66.39616377720398
201801789.json,66.3937650587599
201801790.json,66.38977635782749
201801791.json,66.31052734757891
201801792.json,66.31140512066642
201801793.json,66.30978047824382
201801794.json,66.30978047824382
201801795.json,66.3089813317654
201801796.json,66.3089813317654
201801797.json,66.30980670766064
201801798.json,66.31086738316155
201801799.json,66.30927027490146
201801800.json,66.30927027490146
201801801.json,66.31009497699011
201801802.json,66.31009497699011
201801803.json,66.31177032087525
201801804.json,66.31177032087525
201801805.json,66.31259484066769
201801806.json,66.3160726952523
201801807.json,66.31614985816296
201801808.json,66.31627838756204
201801809.json,66.32124352331607
201801810.json,66.30607311176773
201801811.json,66.30787630275073
201801812.json,66.30463964073903
201801813.json,66.29822121367395
201801814.json,66.2910110989145
201801815.json,66.30614829971742
201801816.json,66.30461253713896
201801817.json,66.29834254143645
201801818.json,66.28730890560544
201801819.json,66.29393358721227
201801820.json,66.28219729094478
201801821.json,66.27743592228306
201801822.json,66.28089969251629
201801823.json,66.28683408332124
201801824.json,66.28525811601916
201801825.json,66.28207919115691
201801826.json,66.2765108461706
201801827.json,66.27595040723106
201801828.json,66.27842350723728
201801829.json,66.29088714544358
201801830.json,66.29335521710796
201801831.json,66.29500917076938
201801832.json,66.29750271444082
201801833.json,66.29357134241948
201801834.json,66.29443828083546
201801835.json,66.30109911299652
201801836.json,66.29156626506024
201801837.json,66.28777844671885
201801838.json,66.31230352043389
201801839.json,66.30528638587738
201801840.json,66.29905780249814
201801841.json,66.30552026654522
201801842.json,66.29687312806996
201801843.json,66.28669955457637
201801844.json,66.28199296095003
201801845.json,66.28390986077221
201801846.json,66.32723630553502
201801847.json,66.32740620679792
201801848.json,66.3274304645232
201801849.json,66.32908376027642
201801850.json,66.3271619627814
201801851.json,66.32815658667681
201801852.json,66.32439627305573
201801853.json,66.32206853937926
201801854.json,66.29632267407355
201801855.json,66.28856193640247
201801856.json,66.28938876233865
201801857.json,66.29919393077289
201801858.json,66.29929844520288
201801859.json,66.30354986146304
201801860.json,66.30354986146304
201801861.json,66.30681818181819
201801862.json,66.30931250739557
201801863.json,66.30079954582013
201801864.json,66.30079954582013
201801865.json,66.30188144086226
201801866.json,66.29723279060424
201801867.json,66.33966170277836
201801868.json,66.3397309248283
201801869.json,66.33681983781878
201801870.json,66.34556646774118
201801871.json,66.3589935810336
201801872.json,66.35905843775618
201801873.json,66.35527147573225
201801874.json,66.35605918711369
201801875.json,66.35605918711369
201801876.json,66.35382779039016
201801877.json,66.36410424367192
201801878.json,66.39363390273499
201801879.json,66.38451673079166
201801880.json,66.38244338831423
201801881.json,66.37093957387356
201801882.json,66.3735547956359
201801883.json,66.3774655749907
201801884.json,66.37688570698032
201801885.json,66.37164030013706
201801886.json,66.3779893197121
201801887.json,66.37338657256942
201801888.json,66.37527245745027
201801889.json,66.36839909128842
201801890.json,66.38010509818383
201801891.json,66.37954859511746
201801892.json,66.37742536884019
201801893.json,66.36915715863084
201801894.json,66.36238215681766
201801895.json,66.36171386539169
201801896.json,66.33308850532501
201801897.json,66.32730274472037
201801898.json,66.31533121004513
201801899.json,66.30788256309256
201801900.json,66.30561725709313
201801901.json,66.30949927879662
201801902.json,66.31335561558537
201801903.json,66.26832995051198
201801904.json,66.26692809265423
201801905.json,66.281744676005
201801906.json,66.27798401238925
201801907.json,66.2833591401767
201801908.json,66.2849727957748
201801909.json,66.2865077739079
201801910.json,66.28891316220644
201801911.json,66.28303689214393
201801912.json,66.28868790619461
201801913.json,66.28020419739082
201801914.json,66.27500793902826
201801915.json,66.27814689675503
201801916.json,66.21557401163184
201801917.json,66.21719457013575
201801918.json,66.21239858069472
201801919.json,66.21029325380687
201801920.json,66.2005873051728
201801921.json,66.18360759350804
201801922.json,66.19054066251466
201801923.json,66.18834890122287
201801924.json,66.18834890122287
201801925.json,66.19225911223386
201801926.json,66.17958778694809
201801927.json,66.17736589325577
201801928.json,66.17968661932139
201801929.json,66.18402089713565
201801930.json,66.18256327118797
201801931.json,66.18183455667132
201801932.json,66.18193278256759
201801933.json,66.1724006030196
201801934.json,66.17243396481123
201801935.json,66.1549526870603
201801936.json,66.14683839698425
201801937.json,66.14683839698425
201801938.json,66.1476329369531
201801939.json,66.14849708389411
201801940.json,66.15325979732759
201801941.json,66.15329432600264
201801942.json,66.16108435084574
201801943.json,66.17047947351928
201801944.json,66.16978893887509
201801945.json,66.17209354369476
201801946.json,66.17209354369476
201801947.json,66.15569448461521
201801948.json,66.15278519309486
201801949.json,66.14050689195197
201801950.json,66.09029565835036
201801951.json,66.090334036178
201801952.json,66.08676356374126
201801953.json,66.09218347972673
201801954.json,66.05189744498074
201801955.json,66.04834425358598
201801956.json,66.04745792697759
201801957.json,66.04257388536439
201801958.json,65.99346664900895
201801959.json,65.97904026475454
201801960.json,65.97471928702213
201801961.json,65.95679012345678
201801962.json,65.9408471812051
201801963.json,65.94309892676907
201801964.json,65.94404053756334
201801965.json,65.94408829555218
201801966.json,65.92522583906631
201801967.json,65.93010740879038
201801968.json,65.91961718286981
201801969.json,65.92350398279608
201801970.json,65.912978639414
201801971.json,65.91083528869981
201801972.json,65.90475773049023
201801973.json,65.91077742371994
201801974.json,65.91008293321694
201801975.json,65.90200396868663
201801976.json,65.89819576396756
201801977.json,65.89562641575188
201801978.json,65.89305930505965
201801979.json,65.89553862894451
201801980.json,65.89499793303017
201801981.json,65.88596033402922
201801982.json,65.88675306601722
201801983.json,65.91874783211932
201801984.json,65.91524872656335
201801985.json,65.91490099224403
201801986.json,65.92759397193834
201801987.json,65.92679127725857
201801988.json,65.92658249740573
201801989.json,65.92981546307101
201801990.json,65.9246464428371
201801991.json,65.9248386470093
201801992.json,65.92320966350303
201801993.json,65.91486248009298
201801994.json,65.91818299135372
201801995.json,65.92442935133043
201801996.json,65.91470089506106
201801997.json,65.91045673076923
201801998.json,65.91196858166835
201801999.json,65.91915776860034
201802000.json,65.91866857766274
201802001.json,65.9182276965187
201802002.json,65.9205575508808
201802003.json,65.91981887695167
201802004.json,65.91636441220396
201802005.json,65.90274967519328
201802006.json,65.88520614389653
201802007.json,65.89682573407555
201802008.json,65.88162840578478
201802009.json,65.88779101819262
201802010.json,65.8822531747546
201802011.json,65.88297646809413
201802012.json,65.88669167673427
201802013.json,65.88534491893611
201802014.json,65.8846716256596
201802015.json,65.88698913112566
201802016.json,65.87001120957679
201802017.json,65.86340287906653
201802018.json,65.86484601238665
201802019.json,65.86484601238665
201802020.json,65.86489685492053
201802021.json,65.87154024931333
201802022.json,65.86669483468893
201802023.json,65.86545569753935
201802024.json,65.86411539842446
201802025.json,65.85268214571657
201802026.json,65.8564327239026
201802027.json,65.85622566045679
201802028.json,65.85027143037495
201802029.json,65.84391556639476
201802030.json,65.82701317254565
201802031.json,65.82661290322581
201802032.json,65.82958888002352
201802033.json,65.82843959731544
201802034.json,65.82466879087707
201802035.json,65.82466879087707
201802036.json,65.8247746803605
201802037.json,65.82647138936032
201802038.json,65.82647138936032
201802039.json,65.82724015838764
201802040.json,65.82657700123605
201802041.json,65.82668258656444
201802042.json,65.82739840804356
201802043.json,65.82678814535554
201802044.json,65.83267032368829
201802045.json,65.83200736956704
201802046.json,65.83200736956704
201802047.json,65.82930352320543
201802048.json,65.83019657047261
201802049.json,65.82410695634009
201802050.json,65.82289055973266
201802051.json,65.84247175082349
201802052.json,65.84394738487836
201802053.json,65.8420175072947
201802054.json,65.83725482030567
201802055.json,65.8292398634585
201802056.json,65.83208458208458
201802057.json,65.82976244955692
201802058.json,65.83160083160084
201802059.json,65.83662440241113
201802060.json,65.92019206887989
201802061.json,65.90617631241467
201802062.json,65.90617631241467
201802063.json,65.90415520486464
201802064.json,65.90707003866912
201802065.json,65.9781387271427
201802066.json,65.97348477110698
201802067.json,65.97338449606073
201802068.json,65.95792392057731
201802069.json,65.95410824910336
201802070.json,65.94835480129419
201802071.json,65.91981132075472
201802072.json,65.9160134833286
201802073.json,65.91615064460461
201802074.json,65.9123198701035
201802075.json,65.91301171074264
201802076.json,65.91301171074264
201802077.json,65.91508706417177
201802078.json,65.92457420924575
201802079.json,65.92299898682877
201802080.json,65.92516055835816
201802081.json,65.92516055835816
201802082.json,65.92516055835816
201802083.json,65.927366267647
201802084.json,65.92363135730483
201802085.json,65.92501113495565
201802086.json,65.9285049188292
201802087.json,65.92657059585493
201802088.json,65.9309758860657
201802089.json,65.9285324273494
201802090.json,65.92764753435732
201802091.json,65.92537283312816
201802092.json,65.92151719963684
201802093.json,65.91688521283035
201802094.json,65.91761810626538
201802095.json,65.91697595610779
201802096.json,65.91977088921607
201802097.json,65.91977088921607
201802098.json,65.91384021861437
201802099.json,65.90936483066169
201802100.json,65.91073437248916
201802101.json,65.91689594922981
201802102.json,65.91447500501907
201802103.json,65.91515930216218
201802104.json,65.91894060995185
201802105.json,65.91894060995185
201802106.json,65.91894060995185
201802107.json,65.91894060995185
201802108.json,65.91894060995185
201802109.json,65.91894060995185
201802110.json,65.91962440560984
201802111.json,65.91962440560984
201802112.json,65.9203081738293
201802113.json,65.92167562795923
201802114.json,65.92167562795923
201802115.json,65.92167562795923
201802116.json,65.92167562795923
201802117.json,65.92167562795923
201802118.json,65.92167562795923
201802119.json,65.92167562795923
201802120.json,65.92167562795923
201802121.json,65.92167562795923
201802122.json,65.92167562795923
201802123.json,65.922359313873
201802124.json,65.922359313873
201802125.json,65.922359313873
201802126.json,65.92304297235485
201802127.json,65.92304297235485
201802128.json,65.92304297235485
201802129.json,65.92304297235485
201802130.json,65.92372660340642
201802131.json,65.92509378322534
201802132.json,65.92714434726791
201802133.json,65.92714434726791
201802134.json,65.92718884765821
201802135.json,65.92718884765821
201802136.json,65.92923903887039
201802137.json,65.92992238111475
201802138.json,65.92741126930018
201802139.json,65.92809448376812
201802140.json,65.92946083050948
201802141.json,65.93287621797185
201802142.json,65.93287621797185
201802143.json,65.93287621797185
201802144.json,65.93287621797185
201802145.json,65.93287621797185
201802146.json,65.93287621797185
201802147.json,65.93287621797185
201802148.json,65.93287621797185
201802149.json,65.93287621797185
201802150.json,65.93287621797185
201802151.json,65.93287621797185
201802152.json,65.93287621797185
201802153.json,65.93287621797185
201802154.json,65.93287621797185
201802155.json,65.93223736968726
201802156.json,65.93428622977768
201802157.json,65.93496912837784
201802158.json,65.93565199959907
201802159.json,65.9343302730225
201802160.json,65.9343302730225
201802161.json,65.93369146889032
201802162.json,65.93369146889032
201802163.json,65.93369146889032
201802164.json,65.93369146889032
201802165.json,65.93369146889032
201802166.json,65.93369146889032
201802167.json,65.93595960405563
201802168.json,65.93668603486276
201802169.json,65.93736851595841
201802170.json,65.93945950277461
201802171.json,65.93945950277461
201802172.json,65.93945950277461
201802173.json,65.93813854721743
201802174.json,65.93882088984154
201802175.json,65.9375
201802176.json,65.93818232807837
201802177.json,65.93886462882097
201802178.json,65.93886462882097
201802179.json,65.93886462882097
201802180.json,65.93954690222942
201802181.json,65.93954690222942
201802182.json,65.93954690222942
201802183.json,65.93954690222942
201802184.json,65.93890836254381
201802185.json,65.9416371247171
201802186.json,65.94168068573259
201802187.json,65.94372684489836
201802188.json,65.94509081442618
201802189.json,65.94585936248598
201802190.json,65.94530749519538
201802191.json,65.94466909556792
201802192.json,65.94671417418981
201802193.json,65.94910371318822
201802194.json,65.95114729829756
201802195.json,65.95604263744175
201802196.json,65.9587657727918
201802197.json,65.97190303950761
201802198.json,65.97938144329896
201802199.json,65.99033430522826
201802200.json,65.97358023705951
201802201.json,65.98472612709617
201802202.json,65.98476691789288
201802203.json,65.98349216475935
201802204.json,65.98289575982298
201802205.json,65.98026512508721
201802206.json,65.98182615280379
201802207.json,65.98461906279886
201802208.json,65.98529675452752
201802209.json,65.98732966770261
201802210.json,65.98669269692019
201802211.json,65.98274934762256
201802212.json,65.98274934762256
201802213.json,65.98410453558552
201802214.json,65.98279021591905
201802215.json,65.98279021591905
201802216.json,65.98215352746683
201802217.json,65.98020275249458
201802218.json,65.98020275249458
201802219.json,65.98020275249458
201802220.json,65.97968936678615
201802221.json,65.9844306846915
201802222.json,65.98451217327255
201802223.json,65.98323944503055
201802224.json,65.98391655718778
201802225.json,65.98594773193209
201802226.json,65.98662473627643
201802227.json,65.9879786641191
201802228.json,65.9879786641191
201802229.json,65.9866653398348
201802230.json,65.98937292284424
201802231.json,65.9881002129226
201802232.json,65.993513857663
201802233.json,65.99419044208348
201802234.json,65.99287746453653
201802235.json,65.99224112205312
201802236.json,65.99224112205312
201802237.json,65.99092826164804
201802238.json,65.99033239840067
201802239.json,65.9965399988069
201802240.json,65.99200747559496
201802241.json,65.99069545508767
201802242.json,65.98946426796542
201802243.json,65.98827387459009
201802244.json,65.98894983702998
201802245.json,65.9943565694301
201802246.json,65.9943565694301
201802247.json,65.99121918270855
201802248.json,65.99121918270855
201802249.json,65.99121918270855
201802250.json,65.99058384155427
201802251.json,65.99058384155427
201802252.json,65.99058384155427
201802253.json,65.99058384155427
201802254.json,65.98863771800882
201802255.json,65.98863771800882
201802256.json,65.99074497030844
201802257.json,65.99146062953032
201802258.json,65.99146062953032
201802259.json,65.99146062953032
201802260.json,65.99217617506305
201802261.json,65.99559235213532
201802262.json,65.99626747141042
201802263.json,65.99039186882122
201802264.json,65.99511720688355
201802265.json,65.99646706230277
201802266.json,66.00535661144727
201802267.json,66.00404713724556
201802268.json,66.00273771499991
201802269.json,66.00341215680051
201802270.json,66.00341215680051
201802271.json,66.00186356337106
201802272.json,66.00332989772457
201802273.json,66.03732510043737
201802274.json,66.039341407425
201802275.json,66.04676927946821
201802276.json,66.04620801519168
201802277.json,66.03788507928975
201802278.json,66.03725086997785
201802279.json,66.03404305794437
201802280.json,66.03542342057405
201802281.json,66.03542342057405
201802282.json,66.0388172978101
201802283.json,66.0421730795834
201802284.json,66.0435152066083
201802285.json,66.0435152066083
201802286.json,66.04097923376341
201802287.json,66.0423211427894
201802288.json,66.0403824877509
201802289.json,66.04444444444444
201802290.json,66.04444444444444
201802291.json,66.04384752123246
201802292.json,66.05758036189987
201802293.json,66.05701884186644
201802294.json,66.05902777777779
201802295.json,66.05772455562351
201802296.json,66.05906373912529
201802297.json,66.06646287348387
201802298.json,66.08121427163414
201802299.json,66.11480766959329
201802300.json,66.11620674723457
201802301.json,66.11620674723457
201802302.json,66.1169710327456
201802303.json,66.12106785229486
201802304.json,66.11786458948032
201802305.json,66.11853104899782
201802306.json,66.11596255212021
201802307.json,66.12598796744132
201802308.json,66.1367561626629
201802309.json,66.13482484545187
201802310.json,66.1251397963388
201802311.json,66.1258044263067
201802312.json,66.1258044263067
201802313.json,66.12805176978135
201802314.json,66.12805176978135
201802315.json,66.12805176978135
201802316.json,66.13140403505676
201802317.json,66.13010744255352
201802318.json,66.13080301129234
201802319.json,66.13149847094802
201802320.json,66.13288906311251
201802321.json,66.1475779122838
201802322.json,66.15300268253999
201802323.json,66.18250772178129
201802324.json,66.19244899554444
201802325.json,66.19646764613942
201802326.json,66.19646764613942
201802327.json,66.2005663509423
201802328.json,66.19866825486712
201802329.json,66.20067555694399
201802330.json,66.20133546799953
201802331.json,66.20471580262335
201802332.json,66.20746175460506
201802333.json,66.21015256155137
201802334.json,66.20957359653572
201802335.json,66.2109717807204
201802336.json,66.20781094624368
201802337.json,66.2039654533757
201802338.json,66.20615744349182
201802339.json,66.21108580106302
201802340.json,66.21048123345274
201802341.json,66.22044946006422
201802342.json,66.22244703410439
201802343.json,66.22644078345944
201802344.json,66.23250388802488
201802345.json,66.21943889718284
201802346.json,66.22011981155852
201802347.json,66.22011981155852
201802348.json,66.2208783967128
201802349.json,66.2228424133186
201802350.json,66.21035510978585
201802351.json,66.21166356877323
201802352.json,66.20666963438946
201802353.json,66.20538824804521
201802354.json,66.20546858370261
201802355.json,66.20546858370261
201802356.json,66.20819066411313
201802357.json,66.21684324491532
201802358.json,66.21752242499227
201802359.json,66.21752242499227
201802360.json,66.2181754915038
201802361.json,66.21953340935887
201802362.json,66.22031573048905
201802363.json,66.21647731663963
201802364.json,66.21984432039866
201802365.json,66.22320911372852
201802366.json,66.220858422109
201802367.json,66.220858422109
201802368.json,66.22281402574345
201802369.json,66.22281402574345
201802370.json,66.22286541244573
201802371.json,66.22416886950818
201802372.json,66.2248205603149
201802373.json,66.22226509743392
201802374.json,66.22163914184289
201802375.json,66.22294247019332
201802376.json,66.21910990219342
201802377.json,66.22322478647308
201802378.json,66.2253569983234
201802379.json,66.22798566418744
201802380.json,66.22743647537035
201802381.json,66.22743647537035
201802382.json,66.22743647537035
201802383.json,66.22743647537035
201802384.json,66.23086550495813
201802385.json,66.23086550495813
201802386.json,66.23086550495813
201802387.json,66.23086550495813
201802388.json,66.2321909896034
201802389.json,66.23366626253295
201802390.json,66.23501568182255
201802391.json,66.24355719670744
201802392.json,66.2429324204777
201802393.json,66.24105838012461
201802394.json,66.24894287691244
201802395.json,66.24971178233801
201802396.json,66.25165715603205
201802397.json,66.2498078991855
201802398.json,66.248703867276
201802399.json,66.2533113218413
201802400.json,66.2533113218413
201802401.json,66.25463060711338
201802402.json,66.25722127324723
201802403.json,66.25853995547709
201802404.json,66.25853995547709
201802405.json,66.25539671879497
201802406.json,66.25294941395384
201802407.json,66.25565697629823
201802408.json,66.2566342856048
201802409.json,66.25792730825972
201802410.json,66.25730433949613
201802411.json,66.25795080082764
201802412.json,66.27684416031849
201802413.json,66.27368421052631
201802414.json,66.27368421052631
201802415.json,66.27368421052631
201802416.json,66.27306131822705
201802417.json,66.27499760788442
201802418.json,66.27564298836496
201802419.json,66.27693367522676
201802420.json,66.2795147525927
201802421.json,66.27464478993365
201802422.json,66.27660184707165
201802423.json,66.276646592104
201802424.json,66.27618101207766
201802425.json,66.2768478177788
201802426.json,66.2774922133262
201802427.json,66.27622578056331
201802428.json,66.27624816095687
201802429.json,66.27689250640071
201802430.json,66.27818112342376
201802431.json,66.2840444631193
201802432.json,66.28728564335637
201802433.json,66.28994692833416
201802434.json,66.28994692833416
201802435.json,66.28994692833416
201802436.json,66.29252090253121
201802437.json,66.29316433466317
201802438.json,66.29192036800214
201802439.json,66.29385044089018
201802440.json,66.29652948695934
201802441.json,66.29404246389805
201802442.json,66.29217769469929
201802443.json,66.29674122380489
201802444.json,66.29866910727225
201802445.json,66.29678354210758
201802446.json,66.30530046107533
201802447.json,66.30467916476147
201802448.json,66.30153166196754
201802449.json,66.30155252881227
201802450.json,66.29848984022395
201802451.json,66.29853190395491
201802452.json,66.29861600258906
201802453.json,66.29615531023981
201802454.json,66.29615531023981
201802455.json,66.29615531023981
201802456.json,66.29301157125457
201802457.json,66.29371693876774
201802458.json,66.29692345744782
201802459.json,66.30077047465043
201802460.json,66.30205261856298
201802461.json,66.30081223488234
201802462.json,66.30798479087453
201802463.json,66.30990627910955
201802464.json,66.30864573036271
201802465.json,66.31186801490155
201802466.json,66.30934732200555
201802467.json,66.30872738330545
201802468.json,66.30684733651343
201802469.json,66.30684733651343
201802470.json,66.3075285980314
201802471.json,66.30816881068652
201802472.json,66.30880899901193
201802473.json,66.30955094597675
201802474.json,66.30895173697506
201802475.json,66.30833222540883
201802476.json,66.30707285573197
201802477.json,66.32122385453442
201802478.json,66.32250227755846
201802479.json,66.32964698294668
201802480.json,66.33222062059025
201802481.json,66.33285917496444
201802482.json,66.3305725603169
201802483.json,66.3305725603169
201802484.json,66.3293537995073
201802485.json,66.33190586273544
201802486.json,66.33381965628968
201802487.json,66.33381965628968
201802488.json,66.33381965628968
201802489.json,66.33449530160654
201802490.json,66.335770848331
201802491.json,66.33640858544717
201802492.json,66.33515192846859
201802493.json,66.33515192846859
201802494.json,66.33515192846859
201802495.json,66.33578965314743
201802496.json,66.3203119085472
201802497.json,66.3228614685844
201802498.json,66.32483160523726
201802499.json,66.32875002364156
201802500.json,66.32751479849462
201802501.json,66.32637628554144
201802502.json,66.32774554457316
201802503.json,66.33163930399955
201802504.json,66.33738171240768
201802505.json,66.33740037018849
201802506.json,66.33740037018849
201802507.json,66.3450281355036
201802508.json,66.34566362657905
201802509.json,66.34566362657905
201802510.json,66.34566362657905
201802511.json,66.34566362657905
201802512.json,66.34756995581738
201802513.json,66.34506457216223
201802514.json,66.3476241717166
201802515.json,66.34889471995167
201802516.json,66.35730858468676
201802517.json,66.35112200641147
201802518.json,66.35112200641147
201802519.json,66.34945162627672
201802520.json,66.34945162627672
201802521.json,66.34946955849931
201802522.json,66.35073769101768
201802523.json,66.35587952760355
201802524.json,66.37717121588089
201802525.json,66.37717121588089
201802526.json,66.37717121588089
201802527.json,66.37717121588089
201802528.json,66.37780325958231
201802529.json,66.37780325958231
201802530.json,66.37780325958231
201802531.json,66.37597263466526
201802532.json,66.37223026179781
201802533.json,66.37927795935235
201802534.json,66.3799579326923
201802535.json,66.38458363042744
201802536.json,66.41053992765981
201802537.json,66.41310050213595
201802538.json,66.41375821952454
201802539.json,66.41320023224017
201802540.json,66.40646936597967
201802541.json,66.40522631125754
201802542.json,66.40339877599146
201802543.json,66.40285885346505
201802544.json,66.4017354552765
201802545.json,66.39558796036641
201802546.json,66.39685951958127
201802547.json,66.39937195087758
201802548.json,66.4
201802549.json,66.40062802564438
201802550.json,66.40817699379625
201802551.json,66.40817699379625
201802552.json,66.40756381030681
201802553.json,66.40756381030681
201802554.json,66.4063521718823
201802555.json,66.4069943395169
201802556.json,66.4069943395169
201802557.json,66.40957645476955
201802558.json,66.40961965756111
201802559.json,66.40713978976456
201802560.json,66.40902132108585
201802561.json,66.40782498320019
201802562.json,66.40721245380222
201802563.json,66.54640987215778
201802564.json,66.5452191603477
201802565.json,66.54707525012483
201802566.json,66.54707525012483
201802567.json,66.54707525012483
201802568.json,66.54893113395961
201802569.json,66.54831909464107
201802570.json,66.54831909464107
201802571.json,66.54529323697392
201802572.json,66.5508574807806
201802573.json,66.55086390095167
201802574.json,66.55086390095167
201802575.json,66.55090882222551
201802576.json,66.54908768560243
201802577.json,66.54908768560243
201802578.json,66.54356095579274
201802579.json,66.54418553122345
201802580.json,66.54542097488921
201802581.json,66.54299110274302
201802582.json,66.54179046634802
201802583.json,66.54179046634802
201802584.json,66.54179046634802
201802585.json,66.54056248615929
201802586.json,66.54179737959034
201802587.json,66.54304586885125
201802588.json,66.54304586885125
201802589.json,66.54551492564849
201802590.json,66.54617214732299
201802591.json,66.54741268026409
201802592.json,66.54741268026409
201802593.json,66.54926330929946
201802594.json,66.55050979958331
201802595.json,66.55112651646448
201802596.json,66.5505162241888
201802597.json,66.55424706511123
201802598.json,66.54630533704243
201802599.json,66.54816724995395
201802600.json,66.55562099683428
201802601.json,66.55746756234471
201802602.json,66.55624873479454
201802603.json,66.55687631104405
201802604.json,66.55687631104405
201802605.json,66.55565777368905
201802606.json,66.55811899768186
201802607.json,66.55873424707939
201802608.json,66.55996467796236
201802609.json,66.55874020383385
201802610.json,66.5545013239188
201802611.json,66.5545013239188
201802612.json,66.55451369737084
201802613.json,66.55329006637128
201802614.json,66.55026649512958
201802615.json,66.55092592592592
201802616.json,66.55092592592592
201802617.json,66.55216121388027
201802618.json,66.55709406104235
201802619.json,66.55770819943072
201802620.json,66.55770819943072
201802621.json,66.56330844173716
201802622.json,66.5664031693047
201802623.json,66.56579550664833
201802624.json,66.57376508122776
201802625.json,66.57196275386758
201802626.json,66.5701563101281
201802627.json,66.59227687636051
201802628.json,66.59533607681756
201802629.json,66.5959470334333
201802630.json,66.60148397236742
201802631.json,66.60088079966377
201802632.json,66.60211203274015
201802633.json,66.6008988271402
201802634.json,66.59849909617105
201802635.json,66.60215799755353
201802636.json,66.61011693026141
201802637.json,66.61807845781024
201802638.json,66.61747558664918
201802639.json,66.6180837690612
201802640.json,66.61810500245844
201802641.json,66.61749977237548
201802642.json,66.61811030790801
201802643.json,66.61993372419067
201802644.json,66.61508774484818
201802645.json,66.61508774484818
201802646.json,66.62116910533595
201802647.json,66.62117407286094
201802648.json,66.62118152211488
201802649.json,66.62118152211488
201802650.json,66.62118152211488
201802651.json,66.61996943453897
201802652.json,66.61996943453897
201802653.json,66.61756415152672
201802654.json,66.61817123736088
201802655.json,66.61817123736088
201802656.json,66.61696788974145
201802657.json,66.61696788974145
201802658.json,66.61940081442698
201802659.json,66.62487507949487
201802660.json,66.6297318898496
201802661.json,66.6279217595031
201802662.json,66.62490239872166
201802663.json,66.62068214408887
201802664.json,66.62494103987518
201802665.json,66.61651136652043
201802666.json,66.61411044056615
201802667.json,66.57912848190676
201802668.json,66.57558044843374
201802669.json,66.57499050066042
201802670.json,66.53174803946371
201802671.json,66.53054586849285
201802672.json,66.53055324684712
201802673.json,66.52697747511786
201802674.json,66.52517881655949
201802675.json,66.53002257336344
201802676.json,66.53002257336344
201802677.json,66.53124605023201
201802678.json,66.52824670048928
201802679.json,66.53128271778765
201802680.json,66.53493575862566
201802681.json,66.5343533487298
201802682.json,66.53320347725715
201802683.json,66.53201810542261
201802684.json,66.49261793302125
201802685.json,66.49202405386914
201802686.json,66.4836845989093
201802687.json,66.48611685951306
201802688.json,66.49582793842612
201802689.json,66.50022451728783
201802690.json,66.50624045972883
201802691.json,66.50566498482753
201802692.json,66.5086887835703
201802693.json,66.50634410724862
201802694.json,66.49805377674936
201802695.json,66.51369568335006
201802696.json,66.52996901917946
201802697.json,66.52938437846936
201802698.json,66.5318612100281
201802699.json,66.53372203244326
201802700.json,66.53136399399185
201802701.json,66.53198412414632
201802702.json,66.53380045043434
201802703.json,66.53502501786991
201802704.json,66.54588294093497
201802705.json,66.53778997256174
201802706.json,66.53899597391954
201802707.json,66.53844783986894
201802708.json,66.53726293295344
201802709.json,66.5384752341274
201802710.json,66.58295012380616
201802711.json,66.58413652842869
201802712.json,66.58237249770107
201802713.json,66.58119506976252
201802714.json,66.58003147156067
201802715.json,66.56709558823529
201802716.json,66.56475869015853
201802717.json,66.56544077402496
201802718.json,66.55550850448162
201802719.json,66.5508238365734
201802720.json,66.54871930287827
201802721.json,66.55765376094524
201802722.json,66.54889345919246
201802723.json,66.54539063186571
201802724.json,66.55843016112613
201802725.json,66.55611125734843
201802726.json,66.68815331010452
201802727.json,66.68815106434867
201802728.json,66.69337281198293
201802729.json,66.69452278979074
201802730.json,66.692770874665
201802731.json,66.68986515876469
201802732.json,66.68986515876469
201802733.json,66.68637612604779
201802734.json,66.68347387638008
201802735.json,66.68231448640378
201802736.json,66.68463049562784
201802737.json,66.70602945262573
201802738.json,66.70254878811028
201802739.json,66.68458843525616
201802740.json,66.67359415320136
201802741.json,66.67301664270994
201802742.json,66.67243857249225
201802743.json,66.66897494936205
201802744.json,66.67070595159782
201802745.json,66.67128291238943
201802746.json,66.6534071255621
201802747.json,66.65456243191367
201802748.json,66.65513902337807
201802749.json,66.65168539325843
201802750.json,66.65226557909654
201802751.json,66.64881949601893
201802752.json,66.64824632600549
201802753.json,66.64882873862832
201802754.json,66.64653610559917
201802755.json,66.64827205628751
201802756.json,66.64770376499793
201802757.json,66.64483887644323
201802758.json,66.6442675488473
201802759.json,66.658071613979
201802760.json,66.63974707034606
201802761.json,66.63516717638569
201802762.json,66.63345758111892
201802763.json,66.63117583417767
201802764.json,66.61631679225528
201802765.json,66.60431432444955
201802766.json,66.59402882635553
201802767.json,66.58946646079946
201802768.json,66.59118590568336
201802769.json,66.59118590568336
201802770.json,66.58038193849212
201802771.json,66.57924508896431
201802772.json,66.57468033320764
201802773.json,66.57584481458633
201802774.json,66.57470397724352
201802775.json,66.5793259350596
201802776.json,66.57989827547823
201802777.json,66.57763166906376
201802778.json,66.57877615313495
201802779.json,66.57769108361994
201802780.json,66.56973263312749
201802781.json,66.56916576863208
201802782.json,66.56633202784286
201802783.json,66.54871794871795
201802784.json,66.54874818422627
201802785.json,66.54534891668375
201802786.json,66.54421187526698
201802787.json,66.53970964987191
201802788.json,66.53687859692266
201802789.json,66.53929479196876
201802790.json,66.5421612771183
201802791.json,66.53875671527246
