filename,global
201800000.json,100.0
201800001.json,100.0
201800002.json,86.36363636363636
201800003.json,92.72727272727272
201800004.json,81.81818181818183
201800005.json,66.66666666666666
201800006.json,100.0
201800007.json,0
201800008.json,89.74358974358975
201800009.json,71.42857142857143
201800010.json,100.0
201800011.json,85.71428571428571
201800012.json,0
201800013.json,100.0
201800014.json,75.0
201800015.json,42.857142857142854
201800016.json,100.0
201800017.json,100.0
201800018.json,75.0
201800019.json,0
201800020.json,0.0
201800021.json,50.0
201800022.json,100.0
201800023.json,0
201800024.json,100.0
201800025.json,66.66666666666666
201800026.json,66.66666666666666
201800027.json,0
201800028.json,100.0
201800029.json,0
201800030.json,0
201800031.json,0.0
201800032.json,82.14285714285714
201800033.json,100.0
201800034.json,100.0
201800035.json,100.0
201800036.json,100.0
201800037.json,100.0
201800038.json,100.0
201800039.json,100.0
201800040.json,100.0
201800041.json,65.9090909090909
201800042.json,85.71428571428571
201800043.json,100.0
201800044.json,95.41284403669725
201800045.json,100.0
201800046.json,100.0
201800047.json,0.0
201800048.json,0
201800049.json,72.22222222222221
201800050.json,100.0
201800051.json,100.0
201800052.json,50.0
201800053.json,20.0
201800054.json,66.66666666666666
201800055.json,69.23076923076923
201800056.json,88.88888888888889
201800057.json,80.0
201800058.json,91.66666666666666
201800059.json,100.0
201800060.json,76.92307692307693
201800061.json,44.44444444444444
201800062.json,0
201800063.json,100.0
201800064.json,81.81818181818183
201800065.json,80.0
201800066.json,50.0
201800067.json,100.0
201800068.json,100.0
201800069.json,100.0
201800070.json,84.90566037735849
201800071.json,100.0
201800072.json,0
201800073.json,0
201800074.json,0
201800075.json,0
201800076.json,100.0
201800077.json,100.0
201800078.json,0.0
201800079.json,100.0
201800080.json,25.0
201800081.json,88.88888888888889
201800082.json,50.0
201800083.json,0.0
201800084.json,50.0
201800085.json,100.0
201800086.json,0
201800087.json,66.66666666666666
201800088.json,100.0
201800089.json,0
201800090.json,66.66666666666666
201800091.json,100.0
201800092.json,100.0
201800093.json,100.0
201800094.json,75.0
201800095.json,30.0
201800096.json,90.0
201800097.json,71.42857142857143
201800098.json,100.0
201800099.json,50.0
201800100.json,0
201800101.json,100.0
201800102.json,50.0
201800103.json,86.66666666666667
201800104.json,88.88888888888889
201800105.json,100.0
201800106.json,100.0
201800107.json,80.0
201800108.json,0
201800109.json,100.0
201800110.json,100.0
201800111.json,100.0
201800112.json,88.88888888888889
201800113.json,100.0
201800114.json,70.0
201800115.json,0.0
201800116.json,81.81818181818183
201800117.json,85.45454545454545
201800118.json,100.0
201800119.json,73.80952380952381
201800120.json,100.0
201800121.json,100.0
201800122.json,82.14285714285714
201800123.json,100.0
201800124.json,100.0
201800125.json,90.47619047619048
201800126.json,90.9090909090909
201800127.json,100.0
201800128.json,80.76923076923077
201800129.json,66.66666666666666
201800130.json,100.0
201800131.json,90.0
201800132.json,100.0
201800133.json,100.0
201800134.json,100.0
201800135.json,33.33333333333333
201800136.json,64.70588235294117
201800137.json,83.33333333333334
201800138.json,71.42857142857143
201800139.json,76.92307692307693
201800140.json,100.0
201800141.json,100.0
201800142.json,90.0
201800143.json,68.75
201800144.json,73.07692307692307
201800145.json,0.0
201800146.json,100.0
201800147.json,100.0
201800148.json,100.0
201800149.json,80.0
201800150.json,100.0
201800151.json,75.0
201800152.json,75.0
201800153.json,90.47619047619048
201800154.json,50.0
201800155.json,95.45454545454545
201800156.json,75.0
201800157.json,100.0
201800158.json,100.0
201800159.json,80.0
201800160.json,63.63636363636363
201800161.json,93.54838709677419
201800162.json,100.0
201800163.json,100.0
201800164.json,37.5
201800165.json,100.0
201800166.json,47.22222222222222
201800167.json,90.625
201800168.json,64.0
201800169.json,82.8125
201800170.json,77.5
201800171.json,95.1219512195122
201800172.json,72.72727272727273
201800173.json,90.9090909090909
201800174.json,76.92307692307693
201800175.json,85.71428571428571
201800176.json,100.0
201800177.json,100.0
201800178.json,84.375
201800179.json,90.0
201800180.json,100.0
201800181.json,65.15151515151516
201800182.json,100.0
201800183.json,84.21052631578947
201800184.json,100.0
201800185.json,100.0
201800186.json,82.25806451612904
201800187.json,37.5
201800188.json,100.0
201800189.json,80.0
201800190.json,100.0
201800191.json,46.15384615384615
201800192.json,100.0
201800193.json,100.0
201800194.json,40.0
201800195.json,50.0
201800196.json,100.0
201800197.json,81.25
201800198.json,94.73684210526315
201800199.json,0.0
201800200.json,100.0
201800201.json,60.0
201800202.json,91.93548387096774
201800203.json,100.0
201800204.json,83.33333333333334
201800205.json,73.33333333333333
201800206.json,100.0
201800207.json,84.61538461538461
201800208.json,94.87179487179486
201800209.json,67.5
201800210.json,88.73239436619718
201800211.json,82.78688524590164
201800212.json,100.0
201800213.json,75.82417582417582
201800214.json,100.0
201800215.json,82.14285714285714
201800216.json,90.0
201800217.json,87.5
201800218.json,100.0
201800219.json,61.224489795918366
201800220.json,91.30434782608695
201800221.json,100.0
201800222.json,82.0
201800223.json,0
201800224.json,75.86206896551724
201800225.json,100.0
201800226.json,85.0
201800227.json,88.23529411764706
201800228.json,100.0
201800229.json,100.0
201800230.json,75.43859649122807
201800231.json,100.0
201800232.json,64.28571428571429
201800233.json,100.0
201800234.json,100.0
201800235.json,95.1219512195122
201800236.json,84.61538461538461
201800237.json,74.19354838709677
201800238.json,100.0
201800239.json,78.94736842105263
201800240.json,64.28571428571429
201800241.json,95.3125
201800242.json,88.88888888888889
201800243.json,90.9090909090909
201800244.json,66.66666666666666
201800245.json,86.95652173913044
201800246.json,92.0
201800247.json,78.57142857142857
201800248.json,85.71428571428571
201800249.json,80.0
201800250.json,100.0
201800251.json,100.0
201800252.json,57.14285714285714
201800253.json,100.0
201800254.json,100.0
201800255.json,100.0
201800256.json,83.33333333333334
201800257.json,100.0
201800258.json,100.0
201800259.json,100.0
201800260.json,100.0
201800261.json,100.0
201800262.json,100.0
201800263.json,100.0
201800264.json,81.81818181818183
201800265.json,100.0
201800266.json,0.0
201800267.json,0
201800268.json,100.0
201800269.json,100.0
201800270.json,76.66666666666667
201800271.json,89.79591836734694
201800272.json,100.0
201800273.json,75.0
201800274.json,68.0
201800275.json,83.33333333333334
201800276.json,73.33333333333333
201800277.json,0
201800278.json,0.0
201800279.json,100.0
201800280.json,100.0
201800281.json,100.0
201800282.json,100.0
201800283.json,92.0
201800284.json,94.73684210526315
201800285.json,66.66666666666666
201800286.json,100.0
201800287.json,100.0
201800288.json,55.55555555555556
201800289.json,100.0
201800290.json,77.77777777777779
201800291.json,100.0
201800292.json,100.0
201800293.json,86.66666666666667
201800294.json,83.33333333333334
201800295.json,100.0
201800296.json,87.5
201800297.json,100.0
201800298.json,100.0
201800299.json,100.0
201800300.json,91.93548387096774
201800301.json,100.0
201800302.json,100.0
201800303.json,76.92307692307693
201800304.json,90.47619047619048
201800305.json,100.0
201800306.json,0
201800307.json,65.78947368421053
201800308.json,0.0
201800309.json,0.0
201800310.json,0.0
201800311.json,96.0
201800312.json,80.0
201800313.json,100.0
201800314.json,70.0
201800315.json,91.66666666666666
201800316.json,88.88888888888889
201800317.json,70.83333333333334
201800318.json,90.0
201800319.json,0
201800320.json,0
201800321.json,0
201800322.json,100.0
201800323.json,0
201800324.json,100.0
201800325.json,0
201800326.json,100.0
201800327.json,0.0
201800328.json,100.0
201800329.json,63.888888888888886
201800330.json,100.0
201800331.json,100.0
201800332.json,80.0
201800333.json,100.0
201800334.json,100.0
201800335.json,100.0
201800336.json,100.0
201800337.json,81.81818181818183
201800338.json,0.0
201800339.json,0
201800340.json,100.0
201800341.json,100.0
201800342.json,100.0
201800343.json,100.0
201800344.json,100.0
201800345.json,100.0
201800346.json,93.75
201800347.json,100.0
201800348.json,100.0
201800349.json,100.0
201800350.json,100.0
201800351.json,85.71428571428571
201800352.json,84.61538461538461
201800353.json,100.0
201800354.json,100.0
201800355.json,0
201800356.json,100.0
201800357.json,100.0
201800358.json,100.0
201800359.json,82.6086956521739
201800360.json,86.36363636363636
201800361.json,0.0
201800362.json,100.0
201800363.json,70.0
201800364.json,76.92307692307693
201800365.json,28.57142857142857
201800366.json,70.58823529411765
201800367.json,93.75
201800368.json,61.111111111111114
201800369.json,100.0
201800370.json,100.0
201800371.json,100.0
201800372.json,100.0
201800373.json,100.0
201800374.json,94.8051948051948
201800375.json,100.0
201800376.json,75.0
201800377.json,100.0
201800378.json,100.0
201800379.json,50.0
201800380.json,95.83333333333334
201800381.json,0.0
201800382.json,92.5925925925926
201800383.json,100.0
201800384.json,94.25287356321839
201800385.json,85.71428571428571
201800386.json,100.0
201800387.json,71.42857142857143
201800388.json,100.0
201800389.json,86.36363636363636
201800390.json,0
201800391.json,93.93939393939394
201800392.json,100.0
201800393.json,51.515151515151516
201800394.json,100.0
201800395.json,100.0
201800396.json,92.06349206349206
201800397.json,66.66666666666666
201800398.json,86.8421052631579
201800399.json,100.0
201800400.json,69.6969696969697
201800401.json,71.05263157894737
201800402.json,0.0
201800403.json,100.0
201800404.json,50.0
201800405.json,72.0
201800406.json,100.0
201800407.json,100.0
201800408.json,100.0
201800409.json,88.73239436619718
201800410.json,100.0
201800411.json,100.0
201800412.json,100.0
201800413.json,71.42857142857143
201800414.json,71.42857142857143
201800415.json,90.0
201800416.json,0
201800417.json,90.625
201800418.json,100.0
201800419.json,37.5
201800420.json,100.0
201800421.json,93.75
201800422.json,100.0
201800423.json,87.09677419354838
201800424.json,95.0
201800425.json,33.33333333333333
201800426.json,42.857142857142854
201800427.json,100.0
201800428.json,66.66666666666666
201800429.json,50.0
201800430.json,100.0
201800431.json,100.0
201800432.json,40.0
201800433.json,100.0
201800434.json,92.5925925925926
201800435.json,96.7032967032967
201800436.json,65.38461538461539
201800437.json,50.0
201800438.json,100.0
201800439.json,100.0
201800440.json,70.45454545454545
201800441.json,76.19047619047619
201800442.json,92.5925925925926
201800443.json,76.92307692307693
201800444.json,100.0
201800445.json,100.0
201800446.json,0
201800447.json,100.0
201800448.json,50.0
201800449.json,100.0
201800450.json,100.0
201800451.json,89.36170212765957
201800452.json,100.0
201800453.json,100.0
201800454.json,0
201800455.json,0
201800456.json,0
201800457.json,0
201800458.json,0
201800459.json,100.0
201800460.json,70.0
201800461.json,100.0
201800462.json,82.85714285714286
201800463.json,66.66666666666666
201800464.json,100.0
201800465.json,50.0
201800466.json,89.74358974358975
201800467.json,100.0
201800468.json,0
201800469.json,0
201800470.json,83.33333333333334
201800471.json,55.55555555555556
201800472.json,100.0
201800473.json,100.0
201800474.json,100.0
201800475.json,100.0
201800476.json,100.0
201800477.json,58.620689655172406
201800478.json,71.42857142857143
201800479.json,0
201800480.json,86.20689655172413
201800481.json,88.46153846153845
201800482.json,90.9090909090909
201800483.json,100.0
201800484.json,100.0
201800485.json,92.85714285714286
201800486.json,100.0
201800487.json,84.21052631578947
201800488.json,100.0
201800489.json,100.0
201800490.json,69.23076923076923
201800491.json,0
201800492.json,100.0
201800493.json,100.0
201800494.json,100.0
201800495.json,57.89473684210527
201800496.json,100.0
201800497.json,83.33333333333334
201800498.json,0
201800499.json,100.0
201800500.json,100.0
201800501.json,100.0
201800502.json,55.55555555555556
201800503.json,100.0
201800504.json,61.29032258064516
201800505.json,100.0
201800506.json,100.0
201800507.json,93.61702127659575
201800508.json,42.857142857142854
201800509.json,100.0
201800510.json,69.23076923076923
201800511.json,100.0
201800512.json,100.0
201800513.json,81.81818181818183
201800514.json,72.72727272727273
201800515.json,100.0
201800516.json,100.0
201800517.json,100.0
201800518.json,100.0
201800519.json,100.0
201800520.json,100.0
201800521.json,100.0
201800522.json,50.0
201800523.json,100.0
201800524.json,100.0
201800525.json,86.20689655172413
201800526.json,87.17948717948718
201800527.json,100.0
201800528.json,0
201800529.json,100.0
201800530.json,87.5
201800531.json,52.0
201800532.json,76.47058823529412
201800533.json,100.0
201800534.json,100.0
201800535.json,57.14285714285714
201800536.json,100.0
201800537.json,76.66666666666667
201800538.json,100.0
201800539.json,100.0
201800540.json,100.0
201800541.json,86.66666666666667
201800542.json,76.92307692307693
201800543.json,100.0
201800544.json,100.0
201800545.json,0
201800546.json,92.85714285714286
201800547.json,65.85365853658537
201800548.json,100.0
201800549.json,46.15384615384615
201800550.json,65.0
201800551.json,83.33333333333334
201800552.json,50.0
201800553.json,100.0
201800554.json,84.21052631578947
201800555.json,87.0
201800556.json,83.33333333333334
201800557.json,82.75862068965517
201800558.json,82.97872340425532
201800559.json,88.88888888888889
201800560.json,94.73684210526315
201800561.json,84.21052631578947
201800562.json,100.0
201800563.json,88.0
201800564.json,100.0
201800565.json,85.18518518518519
201800566.json,82.35294117647058
201800567.json,66.66666666666666
201800568.json,100.0
201800569.json,83.54430379746836
201800570.json,100.0
201800571.json,72.22222222222221
201800572.json,100.0
201800573.json,66.66666666666666
201800574.json,100.0
201800575.json,75.0
201800576.json,100.0
201800577.json,100.0
201800578.json,76.92307692307693
201800579.json,100.0
201800580.json,100.0
201800581.json,92.22222222222223
201800582.json,50.0
201800583.json,64.0
201800584.json,50.0
201800585.json,100.0
201800586.json,50.0
201800587.json,93.75
201800588.json,83.72093023255815
201800589.json,90.14084507042254
201800590.json,100.0
201800591.json,100.0
201800592.json,71.11111111111111
201800593.json,79.16666666666666
201800594.json,91.66666666666666
201800595.json,95.08196721311475
201800596.json,100.0
201800597.json,60.0
201800598.json,70.83333333333334
201800599.json,57.377049180327866
201800600.json,0
201800601.json,100.0
201800602.json,100.0
201800603.json,100.0
201800604.json,80.0
201800605.json,73.68421052631578
201800606.json,0
201800607.json,80.0
201800608.json,50.0
201800609.json,0.0
201800610.json,92.6829268292683
201800611.json,100.0
201800612.json,100.0
201800613.json,92.85714285714286
201800614.json,90.0
201800615.json,83.33333333333334
201800616.json,0
201800617.json,100.0
201800618.json,100.0
201800619.json,0
201800620.json,81.03448275862068
201800621.json,33.33333333333333
201800622.json,62.96296296296296
201800623.json,80.0
201800624.json,100.0
201800625.json,100.0
201800626.json,50.0
201800627.json,90.47619047619048
201800628.json,66.66666666666666
201800629.json,100.0
201800630.json,100.0
201800631.json,0
201800632.json,100.0
201800633.json,100.0
201800634.json,0
201800635.json,100.0
201800636.json,100.0
201800637.json,0.0
201800638.json,93.44262295081968
201800639.json,100.0
201800640.json,70.0
201800641.json,100.0
201800642.json,52.94117647058824
201800643.json,66.66666666666666
201800644.json,86.66666666666667
201800645.json,100.0
201800646.json,0
201800647.json,0
201800648.json,0.0
201800649.json,0
201800650.json,0
201800651.json,100.0
201800652.json,75.0
201800653.json,0
201800654.json,93.54838709677419
201800655.json,83.33333333333334
201800656.json,0
201800657.json,52.94117647058824
201800658.json,0
201800659.json,100.0
201800660.json,0.0
201800661.json,57.14285714285714
201800662.json,100.0
201800663.json,0
201800664.json,100.0
201800665.json,100.0
201800666.json,87.09677419354838
201800667.json,0
201800668.json,100.0
201800669.json,0.0
201800670.json,100.0
201800671.json,100.0
201800672.json,0
201800673.json,0
201800674.json,100.0
201800675.json,66.66666666666666
201800676.json,71.42857142857143
201800677.json,50.0
201800678.json,0
201800679.json,0
201800680.json,50.0
201800681.json,90.0
201800682.json,0.0
201800683.json,100.0
201800684.json,100.0
201800685.json,60.0
201800686.json,83.33333333333334
201800687.json,93.10344827586206
201800688.json,100.0
201800689.json,100.0
201800690.json,0
201800691.json,60.0
201800692.json,90.9090909090909
201800693.json,100.0
201800694.json,100.0
201800695.json,100.0
201800696.json,100.0
201800697.json,45.45454545454545
201800698.json,100.0
201800699.json,65.78947368421053
201800700.json,100.0
201800701.json,100.0
201800702.json,62.71186440677966
201800703.json,100.0
201800704.json,0
201800705.json,100.0
201800706.json,81.81818181818183
201800707.json,100.0
201800708.json,100.0
201800709.json,100.0
201800710.json,100.0
201800711.json,90.9090909090909
201800712.json,80.0
201800713.json,100.0
201800714.json,100.0
201800715.json,71.42857142857143
201800716.json,100.0
201800717.json,100.0
201800718.json,100.0
201800719.json,81.81818181818183
201800720.json,78.72340425531915
201800721.json,100.0
201800722.json,0
201800723.json,100.0
201800724.json,94.44444444444444
201800725.json,47.368421052631575
201800726.json,75.0
201800727.json,84.61538461538461
201800728.json,89.65517241379311
201800729.json,100.0
201800730.json,83.33333333333334
201800731.json,100.0
201800732.json,76.74418604651163
201800733.json,100.0
201800734.json,62.5
201800735.json,100.0
201800736.json,88.88888888888889
201800737.json,77.77777777777779
201800738.json,91.30434782608695
201800739.json,92.85714285714286
201800740.json,90.9090909090909
201800741.json,94.44444444444444
201800742.json,86.36363636363636
201800743.json,100.0
201800744.json,100.0
201800745.json,90.9090909090909
201800746.json,100.0
201800747.json,63.1578947368421
201800748.json,50.0
201800749.json,100.0
201800750.json,79.16666666666666
201800751.json,69.23076923076923
201800752.json,100.0
201800753.json,100.0
201800754.json,57.89473684210527
201800755.json,12.5
201800756.json,0.0
201800757.json,100.0
201800758.json,88.88888888888889
201800759.json,88.46153846153845
201800760.json,92.3076923076923
201800761.json,93.38842975206612
201800762.json,100.0
201800763.json,81.81818181818183
201800764.json,100.0
201800765.json,100.0
201800766.json,100.0
201800767.json,100.0
201800768.json,61.53846153846154
201800769.json,80.0
201800770.json,92.3076923076923
201800771.json,100.0
201800772.json,55.55555555555556
201800773.json,82.85714285714286
201800774.json,100.0
201800775.json,100.0
201800776.json,45.76271186440678
201800777.json,0
201800778.json,71.42857142857143
201800779.json,0
201800780.json,100.0
201800781.json,93.75
201800782.json,95.23809523809523
201800783.json,100.0
201800784.json,33.33333333333333
201800785.json,84.21052631578947
201800786.json,0
201800787.json,100.0
201800788.json,60.0
201800789.json,100.0
201800790.json,100.0
201800791.json,100.0
201800792.json,100.0
201800793.json,93.75
201800794.json,52.702702702702695
201800795.json,100.0
201800796.json,100.0
201800797.json,100.0
201800798.json,100.0
201800799.json,100.0
201800800.json,92.85714285714286
201800801.json,100.0
201800802.json,0.0
201800803.json,100.0
201800804.json,60.0
201800805.json,100.0
201800806.json,78.2051282051282
201800807.json,100.0
201800808.json,60.0
201800809.json,85.71428571428571
201800810.json,93.47826086956522
201800811.json,90.47619047619048
201800812.json,86.20689655172413
201800813.json,91.48936170212765
201800814.json,100.0
201800815.json,60.0
201800816.json,0
201800817.json,90.0
201800818.json,0.0
201800819.json,90.0
201800820.json,100.0
201800821.json,100.0
201800822.json,100.0
201800823.json,100.0
201800824.json,0
201800825.json,100.0
201800826.json,100.0
201800827.json,100.0
201800828.json,81.81818181818183
201800829.json,100.0
201800830.json,100.0
201800831.json,0
201800832.json,100.0
201800833.json,100.0
201800834.json,91.30434782608695
201800835.json,0
201800836.json,100.0
201800837.json,0
201800838.json,0
201800839.json,82.71604938271605
201800840.json,66.66666666666666
201800841.json,100.0
201800842.json,78.26086956521739
201800843.json,100.0
201800844.json,100.0
201800845.json,88.88888888888889
201800846.json,83.33333333333334
201800847.json,66.66666666666666
201800848.json,0
201800849.json,100.0
201800850.json,45.0
201800851.json,100.0
201800852.json,0.0
201800853.json,100.0
201800854.json,0
201800855.json,100.0
201800856.json,85.71428571428571
201800857.json,95.23809523809523
201800858.json,78.57142857142857
201800859.json,66.66666666666666
201800860.json,100.0
201800861.json,100.0
201800862.json,94.44444444444444
201800863.json,100.0
201800864.json,71.42857142857143
201800865.json,0.0
201800866.json,66.66666666666666
201800867.json,100.0
201800868.json,100.0
201800869.json,100.0
201800870.json,100.0
201800871.json,0
201800872.json,50.0
201800873.json,100.0
201800874.json,0
201800875.json,0
201800876.json,100.0
201800877.json,66.66666666666666
201800878.json,100.0
201800879.json,30.0
201800880.json,100.0
201800881.json,100.0
201800882.json,100.0
201800883.json,62.5
201800884.json,79.3103448275862
201800885.json,100.0
201800886.json,90.9090909090909
201800887.json,100.0
201800888.json,100.0
201800889.json,25.0
201800890.json,100.0
201800891.json,100.0
201800892.json,83.33333333333334
201800893.json,94.87179487179486
201800894.json,77.77777777777779
201800895.json,100.0
201800896.json,50.0
201800897.json,71.42857142857143
201800898.json,82.35294117647058
201800899.json,78.16091954022988
201800900.json,100.0
201800901.json,100.0
201800902.json,93.02325581395348
201800903.json,93.75
201800904.json,100.0
201800905.json,88.88888888888889
201800906.json,100.0
201800907.json,92.15686274509804
201800908.json,100.0
201800909.json,91.83673469387756
201800910.json,87.5
201800911.json,91.66666666666666
201800912.json,74.54545454545455
201800913.json,93.75
201800914.json,100.0
201800915.json,94.44444444444444
201800916.json,100.0
201800917.json,86.95652173913044
201800918.json,54.166666666666664
201800919.json,100.0
201800920.json,100.0
201800921.json,89.24731182795699
201800922.json,60.0
201800923.json,93.54838709677419
201800924.json,90.54054054054053
201800925.json,83.33333333333334
201800926.json,76.47058823529412
201800927.json,75.0
201800928.json,100.0
201800929.json,77.55102040816327
201800930.json,75.0
201800931.json,88.88888888888889
201800932.json,65.0
201800933.json,68.18181818181817
201800934.json,61.111111111111114
201800935.json,80.26315789473685
201800936.json,79.04761904761905
201800937.json,100.0
201800938.json,77.77777777777779
201800939.json,91.17647058823529
201800940.json,83.33333333333334
201800941.json,86.66666666666667
201800942.json,88.23529411764706
201800943.json,80.0
201800944.json,100.0
201800945.json,0
201800946.json,100.0
201800947.json,25.0
201800948.json,94.28571428571428
201800949.json,83.33333333333334
201800950.json,100.0
201800951.json,100.0
201800952.json,100.0
201800953.json,100.0
201800954.json,63.63636363636363
201800955.json,83.33333333333334
201800956.json,75.0
201800957.json,0
201800958.json,100.0
201800959.json,100.0
201800960.json,95.18072289156626
201800961.json,77.35849056603774
201800962.json,100.0
201800963.json,0
201800964.json,66.66666666666666
201800965.json,0
201800966.json,0
201800967.json,0
201800968.json,0.0
201800969.json,0
201800970.json,100.0
201800971.json,0
201800972.json,100.0
201800973.json,87.5
201800974.json,69.23076923076923
201800975.json,80.8080808080808
201800976.json,100.0
201800977.json,89.58333333333334
201800978.json,100.0
201800979.json,100.0
201800980.json,62.5
201800981.json,80.0
201800982.json,100.0
201800983.json,81.81818181818183
201800984.json,100.0
201800985.json,83.33333333333334
201800986.json,100.0
201800987.json,100.0
201800988.json,87.75510204081633
201800989.json,82.14285714285714
201800990.json,100.0
201800991.json,100.0
201800992.json,100.0
201800993.json,100.0
201800994.json,100.0
201800995.json,83.33333333333334
201800996.json,85.71428571428571
201800997.json,100.0
201800998.json,100.0
201800999.json,100.0
201801000.json,58.490566037735846
201801001.json,83.33333333333334
201801002.json,100.0
201801003.json,100.0
201801004.json,91.66666666666666
201801005.json,100.0
201801006.json,0.0
201801007.json,100.0
201801008.json,0
201801009.json,81.81818181818183
201801010.json,80.3921568627451
201801011.json,100.0
201801012.json,100.0
201801013.json,77.77777777777779
201801014.json,0
201801015.json,81.25
201801016.json,50.0
201801017.json,50.0
201801018.json,0.0
201801019.json,0.0
201801020.json,100.0
201801021.json,100.0
201801022.json,0
201801023.json,100.0
201801024.json,60.0
201801025.json,100.0
201801026.json,100.0
201801027.json,75.0
201801028.json,52.38095238095239
201801029.json,0.0
201801030.json,60.0
201801031.json,100.0
201801032.json,0
201801033.json,40.0
201801034.json,0
201801035.json,0.0
201801036.json,84.61538461538461
201801037.json,100.0
201801038.json,68.96551724137932
201801039.json,100.0
201801040.json,100.0
201801041.json,100.0
201801042.json,0
201801043.json,100.0
201801044.json,33.33333333333333
201801045.json,0.0
201801046.json,100.0
201801047.json,0.0
201801048.json,100.0
201801049.json,75.47169811320755
201801050.json,88.40579710144928
201801051.json,92.5925925925926
201801052.json,100.0
201801053.json,97.01492537313433
201801054.json,87.87878787878788
201801055.json,52.0
201801056.json,100.0
201801057.json,92.3076923076923
201801058.json,33.33333333333333
201801059.json,100.0
201801060.json,73.80952380952381
201801061.json,64.51612903225806
201801062.json,100.0
201801063.json,100.0
201801064.json,100.0
201801065.json,96.55172413793103
201801066.json,0
201801067.json,62.5
201801068.json,83.33333333333334
201801069.json,71.42857142857143
201801070.json,71.42857142857143
201801071.json,100.0
201801072.json,100.0
201801073.json,100.0
201801074.json,100.0
201801075.json,100.0
201801076.json,100.0
201801077.json,93.33333333333333
201801078.json,94.73684210526315
201801079.json,100.0
201801080.json,57.14285714285714
201801081.json,84.61538461538461
201801082.json,100.0
201801083.json,0
201801084.json,100.0
201801085.json,100.0
201801086.json,0
201801087.json,100.0
201801088.json,0
201801089.json,92.1875
201801090.json,100.0
201801091.json,80.82191780821918
201801092.json,100.0
201801093.json,86.15384615384616
201801094.json,100.0
201801095.json,91.47727272727273
201801096.json,75.86206896551724
201801097.json,90.9090909090909
201801098.json,0
201801099.json,100.0
201801100.json,92.85714285714286
201801101.json,93.33333333333333
201801102.json,60.0
201801103.json,100.0
201801104.json,95.0
201801105.json,100.0
201801106.json,85.0
201801107.json,80.0
201801108.json,100.0
201801109.json,100.0
201801110.json,82.35294117647058
201801111.json,61.53846153846154
201801112.json,90.9090909090909
201801113.json,100.0
201801114.json,68.75
201801115.json,100.0
201801116.json,81.81818181818183
201801117.json,100.0
201801118.json,100.0
201801119.json,100.0
201801120.json,100.0
201801121.json,66.66666666666666
201801122.json,84.84848484848484
201801123.json,100.0
201801124.json,83.33333333333334
201801125.json,100.0
201801126.json,100.0
201801127.json,100.0
201801128.json,90.32258064516128
201801129.json,100.0
201801130.json,100.0
201801131.json,100.0
201801132.json,100.0
201801133.json,85.71428571428571
201801134.json,80.0
201801135.json,100.0
201801136.json,72.72727272727273
201801137.json,66.66666666666666
201801138.json,80.95238095238095
201801139.json,77.41935483870968
201801140.json,89.65517241379311
201801141.json,100.0
201801142.json,100.0
201801143.json,100.0
201801144.json,94.35483870967742
201801145.json,0
201801146.json,93.54838709677419
201801147.json,100.0
201801148.json,85.71428571428571
201801149.json,100.0
201801150.json,100.0
201801151.json,90.0
201801152.json,71.9298245614035
201801153.json,78.57142857142857
201801154.json,60.0
201801155.json,50.0
201801156.json,0
201801157.json,70.0
201801158.json,0
201801159.json,78.94736842105263
201801160.json,66.66666666666666
201801161.json,91.66666666666666
201801162.json,96.66666666666667
201801163.json,0
201801164.json,100.0
201801165.json,66.66666666666666
201801166.json,100.0
201801167.json,92.85714285714286
201801168.json,75.0
201801169.json,80.0
201801170.json,100.0
201801171.json,100.0
201801172.json,60.36036036036037
201801173.json,100.0
201801174.json,100.0
201801175.json,0
201801176.json,100.0
201801177.json,0.0
201801178.json,75.0
201801179.json,100.0
201801180.json,91.8918918918919
201801181.json,86.0
201801182.json,100.0
201801183.json,78.125
201801184.json,100.0
201801185.json,94.68085106382979
201801186.json,100.0
201801187.json,100.0
201801188.json,100.0
201801189.json,66.66666666666666
201801190.json,92.85714285714286
201801191.json,100.0
201801192.json,100.0
201801193.json,100.0
201801194.json,100.0
201801195.json,100.0
201801196.json,72.80701754385966
201801197.json,0
201801198.json,90.9090909090909
201801199.json,0
201801200.json,100.0
201801201.json,94.11764705882352
201801202.json,66.66666666666666
201801203.json,100.0
201801204.json,100.0
201801205.json,91.66666666666666
201801206.json,100.0
201801207.json,100.0
201801208.json,100.0
201801209.json,0
201801210.json,100.0
201801211.json,93.33333333333333
201801212.json,88.0
201801213.json,100.0
201801214.json,100.0
201801215.json,0
201801216.json,0
201801217.json,0
201801218.json,0
201801219.json,0
201801220.json,100.0
201801221.json,66.66666666666666
201801222.json,0
201801223.json,66.66666666666666
201801224.json,100.0
201801225.json,84.61538461538461
201801226.json,100.0
201801227.json,66.66666666666666
201801228.json,64.70588235294117
201801229.json,100.0
201801230.json,100.0
201801231.json,100.0
201801232.json,100.0
201801233.json,100.0
201801234.json,0
201801235.json,0.0
201801236.json,68.0
201801237.json,0
201801238.json,50.0
201801239.json,0
201801240.json,100.0
201801241.json,100.0
201801242.json,63.33333333333333
201801243.json,66.66666666666666
201801244.json,100.0
201801245.json,100.0
201801246.json,100.0
201801247.json,78.94736842105263
201801248.json,90.9090909090909
201801249.json,100.0
201801250.json,88.46153846153845
201801251.json,80.0
201801252.json,89.47368421052632
201801253.json,100.0
201801254.json,100.0
201801255.json,100.0
201801256.json,69.23076923076923
201801257.json,83.33333333333334
201801258.json,100.0
201801259.json,28.57142857142857
201801260.json,100.0
201801261.json,100.0
201801262.json,84.61538461538461
201801263.json,100.0
201801264.json,50.0
201801265.json,80.0
201801266.json,100.0
201801267.json,83.6734693877551
201801268.json,94.91525423728814
201801269.json,0
201801270.json,0.0
201801271.json,100.0
201801272.json,77.77777777777779
201801273.json,50.0
201801274.json,84.61538461538461
201801275.json,87.5
201801276.json,66.66666666666666
201801277.json,71.42857142857143
201801278.json,100.0
201801279.json,89.36170212765957
201801280.json,100.0
201801281.json,85.71428571428571
201801282.json,100.0
201801283.json,91.30434782608695
201801284.json,100.0
201801285.json,83.6734693877551
201801286.json,100.0
201801287.json,100.0
201801288.json,0
201801289.json,83.33333333333334
201801290.json,76.47058823529412
201801291.json,93.33333333333333
201801292.json,84.61538461538461
201801293.json,80.0
201801294.json,85.45454545454545
201801295.json,60.0
201801296.json,100.0
201801297.json,92.85714285714286
201801298.json,90.0
201801299.json,86.48648648648648
201801300.json,94.11764705882352
201801301.json,89.47368421052632
201801302.json,83.33333333333334
201801303.json,0
201801304.json,89.79591836734694
201801305.json,45.45454545454545
201801306.json,91.66666666666666
201801307.json,91.30434782608695
201801308.json,100.0
201801309.json,100.0
201801310.json,100.0
201801311.json,80.0
201801312.json,62.903225806451616
201801313.json,100.0
201801314.json,85.71428571428571
201801315.json,78.37837837837837
201801316.json,84.61538461538461
201801317.json,0
201801318.json,100.0
201801319.json,82.85714285714286
201801320.json,0.0
201801321.json,84.375
201801322.json,100.0
201801323.json,74.66666666666667
201801324.json,77.27272727272727
201801325.json,90.9090909090909
201801326.json,90.38461538461539
201801327.json,100.0
201801328.json,87.75510204081633
201801329.json,90.80459770114942
201801330.json,100.0
201801331.json,81.81818181818183
201801332.json,83.33333333333334
201801333.json,58.0246913580247
201801334.json,50.0
201801335.json,100.0
201801336.json,75.60975609756098
201801337.json,100.0
201801338.json,75.0
201801339.json,72.72727272727273
201801340.json,87.5
201801341.json,95.23809523809523
201801342.json,100.0
201801343.json,83.33333333333334
201801344.json,100.0
201801345.json,100.0
201801346.json,79.50819672131148
201801347.json,100.0
201801348.json,100.0
201801349.json,50.0
201801350.json,100.0
201801351.json,84.21052631578947
201801352.json,66.66666666666666
201801353.json,75.0
201801354.json,0
201801355.json,100.0
201801356.json,90.0
201801357.json,66.66666666666666
201801358.json,100.0
201801359.json,94.33962264150944
201801360.json,68.0
201801361.json,100.0
201801362.json,100.0
201801363.json,50.0
201801364.json,0
201801365.json,100.0
201801366.json,100.0
201801367.json,100.0
201801368.json,46.808510638297875
201801369.json,100.0
201801370.json,62.5
201801371.json,100.0
201801372.json,100.0
201801373.json,0
201801374.json,77.77777777777779
201801375.json,95.23809523809523
201801376.json,100.0
201801377.json,96.80851063829788
201801378.json,69.56521739130434
201801379.json,100.0
201801380.json,57.14285714285714
201801381.json,100.0
201801382.json,45.45454545454545
201801383.json,84.61538461538461
201801384.json,75.0
201801385.json,0
201801386.json,100.0
201801387.json,100.0
201801388.json,76.19047619047619
201801389.json,100.0
201801390.json,91.56626506024097
201801391.json,100.0
201801392.json,100.0
201801393.json,100.0
201801394.json,100.0
201801395.json,100.0
201801396.json,73.33333333333333
201801397.json,75.0
201801398.json,100.0
201801399.json,0.0
201801400.json,100.0
201801401.json,75.0
201801402.json,100.0
201801403.json,100.0
201801404.json,89.47368421052632
201801405.json,76.19047619047619
201801406.json,100.0
201801407.json,0
201801408.json,91.30434782608695
201801409.json,100.0
201801410.json,92.0
201801411.json,60.71428571428571
201801412.json,86.66666666666667
201801413.json,84.0
201801414.json,100.0
201801415.json,0
201801416.json,35.714285714285715
201801417.json,0
201801418.json,60.0
201801419.json,33.33333333333333
201801420.json,100.0
201801421.json,0
201801422.json,50.0
201801423.json,80.0
201801424.json,83.33333333333334
201801425.json,28.57142857142857
201801426.json,100.0
201801427.json,75.0
201801428.json,88.23529411764706
201801429.json,62.5
201801430.json,66.66666666666666
201801431.json,50.0
201801432.json,100.0
201801433.json,86.79245283018868
201801434.json,100.0
201801435.json,100.0
201801436.json,63.1578947368421
201801437.json,100.0
201801438.json,0
201801439.json,66.66666666666666
201801440.json,100.0
201801441.json,100.0
201801442.json,75.0
201801443.json,100.0
201801444.json,100.0
201801445.json,50.0
201801446.json,93.75
201801447.json,100.0
201801448.json,100.0
201801449.json,80.0
201801450.json,68.42105263157895
201801451.json,100.0
201801452.json,93.10344827586206
201801453.json,100.0
201801454.json,100.0
201801455.json,100.0
201801456.json,85.71428571428571
201801457.json,40.0
201801458.json,57.14285714285714
201801459.json,80.0
201801460.json,62.5
201801461.json,60.0
201801462.json,100.0
201801463.json,100.0
201801464.json,78.94736842105263
201801465.json,100.0
201801466.json,76.66666666666667
201801467.json,100.0
201801468.json,100.0
201801469.json,100.0
201801470.json,100.0
201801471.json,100.0
201801472.json,100.0
201801473.json,88.23529411764706
201801474.json,75.0
201801475.json,100.0
201801476.json,77.77777777777779
201801477.json,85.0574712643678
201801478.json,87.5
201801479.json,96.875
201801480.json,71.42857142857143
201801481.json,90.38461538461539
201801482.json,100.0
201801483.json,100.0
201801484.json,100.0
201801485.json,40.0
201801486.json,91.17647058823529
201801487.json,68.0
201801488.json,57.692307692307686
201801489.json,83.33333333333334
201801490.json,96.51162790697676
201801491.json,69.64285714285714
201801492.json,100.0
201801493.json,76.47058823529412
201801494.json,100.0
201801495.json,85.29411764705883
201801496.json,56.25
201801497.json,100.0
201801498.json,100.0
201801499.json,100.0
201801500.json,97.07602339181285
201801501.json,86.66666666666667
201801502.json,50.0
201801503.json,79.54545454545455
201801504.json,82.6086956521739
201801505.json,100.0
201801506.json,89.1891891891892
201801507.json,92.3076923076923
201801508.json,95.10309278350515
201801509.json,95.65217391304348
201801510.json,76.47058823529412
201801511.json,83.33333333333334
201801512.json,60.0
201801513.json,72.22222222222221
201801514.json,77.77777777777779
201801515.json,50.0
201801516.json,100.0
201801517.json,100.0
201801518.json,50.0
201801519.json,100.0
201801520.json,72.22222222222221
201801521.json,70.58823529411765
201801522.json,92.5925925925926
201801523.json,50.0
201801524.json,100.0
201801525.json,90.47619047619048
201801526.json,68.75
201801527.json,100.0
201801528.json,75.0
201801529.json,100.0
201801530.json,100.0
201801531.json,90.0
201801532.json,100.0
201801533.json,40.0
201801534.json,100.0
201801535.json,100.0
201801536.json,0
201801537.json,55.55555555555556
201801538.json,76.36363636363637
201801539.json,0.0
201801540.json,100.0
201801541.json,90.69767441860465
201801542.json,95.45454545454545
201801543.json,100.0
201801544.json,100.0
201801545.json,92.7710843373494
201801546.json,91.8918918918919
201801547.json,89.87341772151899
201801548.json,80.0
201801549.json,100.0
201801550.json,82.35294117647058
201801551.json,33.33333333333333
201801552.json,0
201801553.json,100.0
201801554.json,100.0
201801555.json,100.0
201801556.json,100.0
201801557.json,83.33333333333334
201801558.json,100.0
201801559.json,100.0
201801560.json,100.0
201801561.json,82.6086956521739
201801562.json,50.0
201801563.json,75.0
201801564.json,83.33333333333334
201801565.json,100.0
201801566.json,100.0
201801567.json,50.0
201801568.json,100.0
201801569.json,76.74418604651163
201801570.json,92.78350515463917
201801571.json,100.0
201801572.json,92.3076923076923
201801573.json,82.5
201801574.json,100.0
201801575.json,100.0
201801576.json,81.81818181818183
201801577.json,100.0
201801578.json,93.10344827586206
201801579.json,100.0
201801580.json,96.26307922272048
201801581.json,100.0
201801582.json,0
201801583.json,55.172413793103445
201801584.json,40.0
201801585.json,100.0
201801586.json,0
201801587.json,0
201801588.json,0
201801589.json,0
201801590.json,0
201801591.json,100.0
201801592.json,0.0
201801593.json,100.0
201801594.json,0
201801595.json,100.0
201801596.json,100.0
201801597.json,100.0
201801598.json,91.66666666666666
201801599.json,62.5
201801600.json,0
201801601.json,0
201801602.json,100.0
201801603.json,66.66666666666666
201801604.json,100.0
201801605.json,100.0
201801606.json,45.45454545454545
201801607.json,80.0
201801608.json,66.66666666666666
201801609.json,100.0
201801610.json,100.0
201801611.json,100.0
201801612.json,100.0
201801613.json,100.0
201801614.json,87.5
201801615.json,100.0
201801616.json,66.66666666666666
201801617.json,60.0
201801618.json,100.0
201801619.json,100.0
201801620.json,71.42857142857143
201801621.json,100.0
201801622.json,91.52542372881356
201801623.json,81.81818181818183
201801624.json,100.0
201801625.json,85.71428571428571
201801626.json,95.0
201801627.json,100.0
201801628.json,0
201801629.json,100.0
201801630.json,76.47058823529412
201801631.json,93.33333333333333
201801632.json,100.0
201801633.json,100.0
201801634.json,85.71428571428571
201801635.json,100.0
201801636.json,0
201801637.json,58.97435897435898
201801638.json,100.0
201801639.json,82.35294117647058
201801640.json,78.04878048780488
201801641.json,82.6086956521739
201801642.json,88.88888888888889
201801643.json,100.0
201801644.json,68.0
201801645.json,51.724137931034484
201801646.json,88.63636363636364
201801647.json,90.47619047619048
201801648.json,0.0
201801649.json,12.5
201801650.json,85.71428571428571
201801651.json,50.0
201801652.json,66.66666666666666
201801653.json,100.0
201801654.json,66.66666666666666
201801655.json,75.0
201801656.json,83.33333333333334
201801657.json,100.0
201801658.json,100.0
201801659.json,59.25925925925925
201801660.json,53.333333333333336
201801661.json,100.0
201801662.json,64.70588235294117
201801663.json,92.85714285714286
201801664.json,50.0
201801665.json,100.0
201801666.json,94.5945945945946
201801667.json,78.70370370370371
201801668.json,100.0
201801669.json,93.75
201801670.json,100.0
201801671.json,87.6923076923077
201801672.json,76.47058823529412
201801673.json,77.21518987341773
201801674.json,92.5925925925926
201801675.json,60.0
201801676.json,100.0
201801677.json,79.16666666666666
201801678.json,87.93103448275862
201801679.json,100.0
201801680.json,100.0
201801681.json,94.11764705882352
201801682.json,100.0
201801683.json,100.0
201801684.json,92.53731343283582
201801685.json,100.0
201801686.json,86.48648648648648
201801687.json,94.11764705882352
201801688.json,91.66666666666666
201801689.json,100.0
201801690.json,96.73913043478261
201801691.json,100.0
201801692.json,100.0
201801693.json,0
201801694.json,55.00000000000001
201801695.json,84.31372549019608
201801696.json,75.28089887640449
201801697.json,100.0
201801698.json,100.0
201801699.json,50.0
201801700.json,75.0
201801701.json,0
201801702.json,72.22222222222221
201801703.json,75.60975609756098
201801704.json,100.0
201801705.json,100.0
201801706.json,100.0
201801707.json,85.71428571428571
201801708.json,100.0
201801709.json,75.0
201801710.json,100.0
201801711.json,80.0
201801712.json,100.0
201801713.json,56.666666666666664
201801714.json,100.0
201801715.json,96.22641509433963
201801716.json,100.0
201801717.json,93.33333333333333
201801718.json,0
201801719.json,88.88888888888889
201801720.json,100.0
201801721.json,92.53731343283582
201801722.json,65.0
201801723.json,65.0
201801724.json,100.0
201801725.json,100.0
201801726.json,66.66666666666666
201801727.json,0
201801728.json,95.83333333333334
201801729.json,100.0
201801730.json,89.74358974358975
201801731.json,84.61538461538461
201801732.json,89.47368421052632
201801733.json,100.0
201801734.json,86.91588785046729
201801735.json,96.7741935483871
201801736.json,100.0
201801737.json,100.0
201801738.json,0
201801739.json,94.87179487179486
201801740.json,100.0
201801741.json,100.0
201801742.json,100.0
201801743.json,94.20289855072464
201801744.json,80.0
201801745.json,50.0
201801746.json,100.0
201801747.json,0
201801748.json,90.78014184397163
201801749.json,100.0
201801750.json,77.04918032786885
201801751.json,87.5
201801752.json,100.0
201801753.json,100.0
201801754.json,100.0
201801755.json,80.0
201801756.json,0
201801757.json,100.0
201801758.json,100.0
201801759.json,0
201801760.json,0
201801761.json,0.0
201801762.json,0
201801763.json,100.0
201801764.json,84.61538461538461
201801765.json,83.33333333333334
201801766.json,96.0
201801767.json,90.9090909090909
201801768.json,0
201801769.json,100.0
201801770.json,0
201801771.json,100.0
201801772.json,100.0
201801773.json,70.83333333333334
201801774.json,100.0
201801775.json,40.0
201801776.json,100.0
201801777.json,100.0
201801778.json,100.0
201801779.json,100.0
201801780.json,0
201801781.json,100.0
201801782.json,50.0
201801783.json,0
201801784.json,89.28571428571429
201801785.json,87.5
201801786.json,100.0
201801787.json,65.51724137931035
201801788.json,66.66666666666666
201801789.json,90.9090909090909
201801790.json,100.0
201801791.json,100.0
201801792.json,100.0
201801793.json,100.0
201801794.json,0
201801795.json,100.0
201801796.json,0
201801797.json,100.0
201801798.json,100.0
201801799.json,80.0
201801800.json,0
201801801.json,100.0
201801802.json,0
201801803.json,71.42857142857143
201801804.json,0
201801805.json,100.0
201801806.json,76.66666666666667
201801807.json,86.66666666666667
201801808.json,100.0
201801809.json,100.0
201801810.json,100.0
201801811.json,78.94736842105263
201801812.json,66.66666666666666
201801813.json,82.35294117647058
201801814.json,100.0
201801815.json,94.23076923076923
201801816.json,100.0
201801817.json,100.0
201801818.json,100.0
201801819.json,60.71428571428571
201801820.json,100.0
201801821.json,100.0
201801822.json,74.19354838709677
201801823.json,94.33962264150944
201801824.json,100.0
201801825.json,100.0
201801826.json,72.72727272727273
201801827.json,89.28571428571429
201801828.json,87.5
201801829.json,75.0
201801830.json,100.0
201801831.json,80.0
201801832.json,73.33333333333333
201801833.json,71.42857142857143
201801834.json,100.0
201801835.json,74.28571428571429
201801836.json,16.666666666666664
201801837.json,70.0
201801838.json,87.1559633027523
201801839.json,89.28571428571429
201801840.json,100.0
201801841.json,100.0
201801842.json,81.81818181818183
201801843.json,100.0
201801844.json,100.0
201801845.json,100.0
201801846.json,100.0
201801847.json,90.0
201801848.json,100.0
201801849.json,80.0
201801850.json,91.50943396226415
201801851.json,100.0
201801852.json,93.33333333333333
201801853.json,100.0
201801854.json,93.75
201801855.json,100.0
201801856.json,80.0
201801857.json,100.0
201801858.json,92.85714285714286
201801859.json,93.47826086956522
201801860.json,0
201801861.json,100.0
201801862.json,95.23809523809523
201801863.json,88.23529411764706
201801864.json,0
201801865.json,88.88888888888889
201801866.json,100.0
201801867.json,100.0
201801868.json,100.0
201801869.json,89.47368421052632
201801870.json,100.0
201801871.json,91.74311926605505
201801872.json,91.66666666666666
201801873.json,80.95238095238095
201801874.json,100.0
201801875.json,0
201801876.json,88.88888888888889
201801877.json,85.71428571428571
201801878.json,78.18181818181819
201801879.json,100.0
201801880.json,92.6829268292683
201801881.json,88.88888888888889
201801882.json,100.0
201801883.json,100.0
201801884.json,56.52173913043478
201801885.json,74.35897435897436
201801886.json,100.0
201801887.json,88.88888888888889
201801888.json,90.0
201801889.json,86.66666666666667
201801890.json,83.66533864541833
201801891.json,100.0
201801892.json,100.0
201801893.json,80.0
201801894.json,100.0
201801895.json,72.22222222222221
201801896.json,100.0
201801897.json,76.08695652173914
201801898.json,0.0
201801899.json,41.66666666666667
201801900.json,100.0
201801901.json,55.55555555555556
201801902.json,85.71428571428571
201801903.json,100.0
201801904.json,100.0
201801905.json,92.7536231884058
201801906.json,100.0
201801907.json,70.0
201801908.json,100.0
201801909.json,50.0
201801910.json,94.11764705882352
201801911.json,100.0
201801912.json,86.66666666666667
201801913.json,97.05882352941177
201801914.json,100.0
201801915.json,93.75
201801916.json,100.0
201801917.json,60.0
201801918.json,100.0
201801919.json,100.0
201801920.json,90.9090909090909
201801921.json,100.0
201801922.json,66.66666666666666
201801923.json,100.0
201801924.json,0
201801925.json,59.09090909090909
201801926.json,88.23529411764706
201801927.json,0.0
201801928.json,83.33333333333334
201801929.json,100.0
201801930.json,100.0
201801931.json,100.0
201801932.json,100.0
201801933.json,100.0
201801934.json,80.0
201801935.json,89.55223880597015
201801936.json,84.5528455284553
201801937.json,0
201801938.json,100.0
201801939.json,92.3076923076923
201801940.json,100.0
201801941.json,100.0
201801942.json,100.0
201801943.json,100.0
201801944.json,100.0
201801945.json,81.25
201801946.json,0
201801947.json,100.0
201801948.json,60.0
201801949.json,100.0
201801950.json,100.0
201801951.json,80.0
201801952.json,52.63157894736842
201801953.json,80.95238095238095
201801954.json,100.0
201801955.json,87.5
201801956.json,88.88888888888889
201801957.json,100.0
201801958.json,100.0
201801959.json,100.0
201801960.json,83.33333333333334
201801961.json,100.0
201801962.json,79.59183673469387
201801963.json,80.0
201801964.json,83.33333333333334
201801965.json,75.0
201801966.json,92.45283018867924
201801967.json,100.0
201801968.json,91.30434782608695
201801969.json,78.57142857142857
201801970.json,79.3103448275862
201801971.json,100.0
201801972.json,81.81818181818183
201801973.json,100.0
201801974.json,50.0
201801975.json,58.139534883720934
201801976.json,72.97297297297297
201801977.json,100.0
201801978.json,73.33333333333333
201801979.json,88.88888888888889
201801980.json,100.0
201801981.json,100.0
201801982.json,100.0
201801983.json,100.0
201801984.json,100.0
201801985.json,100.0
201801986.json,100.0
201801987.json,100.0
201801988.json,100.0
201801989.json,85.71428571428571
201801990.json,73.07692307692307
201801991.json,100.0
201801992.json,77.41935483870968
201801993.json,89.60000000000001
201801994.json,85.18518518518519
201801995.json,95.23809523809523
201801996.json,100.0
201801997.json,80.0
201801998.json,87.5
201801999.json,93.87755102040816
201802000.json,100.0
201802001.json,87.87878787878788
201802002.json,100.0
201802003.json,79.06976744186046
201802004.json,37.28813559322034
201802005.json,88.46153846153845
201802006.json,100.0
201802007.json,91.02564102564102
201802008.json,100.0
201802009.json,100.0
201802010.json,100.0
201802011.json,100.0
201802012.json,83.33333333333334
201802013.json,85.71428571428571
201802014.json,100.0
201802015.json,38.46153846153847
201802016.json,91.25
201802017.json,82.85714285714286
201802018.json,0.0
201802019.json,0
201802020.json,100.0
201802021.json,100.0
201802022.json,100.0
201802023.json,84.61538461538461
201802024.json,75.0
201802025.json,97.61904761904762
201802026.json,100.0
201802027.json,100.0
201802028.json,86.66666666666667
201802029.json,52.63157894736842
201802030.json,80.58252427184466
201802031.json,83.33333333333334
201802032.json,75.0
201802033.json,90.38461538461539
201802034.json,100.0
201802035.json,0
201802036.json,75.0
201802037.json,100.0
201802038.json,0
201802039.json,40.0
201802040.json,0.0
201802041.json,100.0
201802042.json,100.0
201802043.json,66.66666666666666
201802044.json,100.0
201802045.json,100.0
201802046.json,0
201802047.json,85.71428571428571
201802048.json,83.6734693877551
201802049.json,94.73684210526315
201802050.json,77.77777777777779
201802051.json,89.1566265060241
201802052.json,66.66666666666666
201802053.json,87.5
201802054.json,100.0
201802055.json,100.0
201802056.json,85.71428571428571
201802057.json,93.75
201802058.json,84.61538461538461
201802059.json,91.66666666666666
201802060.json,100.0
201802061.json,100.0
201802062.json,0
201802063.json,100.0
201802064.json,100.0
201802065.json,94.55337690631809
201802066.json,91.66666666666666
201802067.json,72.5
201802068.json,100.0
201802069.json,93.10344827586206
201802070.json,100.0
201802071.json,100.0
201802072.json,87.5
201802073.json,100.0
201802074.json,100.0
201802075.json,100.0
201802076.json,0
201802077.json,80.0
201802078.json,78.0
201802079.json,100.0
201802080.json,85.71428571428571
201802081.json,0
201802082.json,0
201802083.json,100.0
201802084.json,100.0
201802085.json,100.0
201802086.json,91.66666666666666
201802087.json,100.0
201802088.json,75.86206896551724
201802089.json,91.30434782608695
201802090.json,87.75510204081633
201802091.json,95.8904109589041
201802092.json,100.0
201802093.json,90.0
201802094.json,60.0
201802095.json,100.0
201802096.json,44.44444444444444
201802097.json,0
201802098.json,94.66019417475728
201802099.json,95.65217391304348
201802100.json,50.0
201802101.json,88.88888888888889
201802102.json,90.0
201802103.json,0.0
201802104.json,66.66666666666666
201802105.json,0
201802106.json,0
201802107.json,0
201802108.json,0
201802109.json,0
201802110.json,0.0
201802111.json,0
201802112.json,100.0
201802113.json,66.66666666666666
201802114.json,0
201802115.json,0
201802116.json,0
201802117.json,0
201802118.json,0
201802119.json,0
201802120.json,0
201802121.json,0
201802122.json,0
201802123.json,100.0
201802124.json,0
201802125.json,0
201802126.json,100.0
201802127.json,0
201802128.json,0
201802129.json,0
201802130.json,0.0
201802131.json,100.0
201802132.json,0.0
201802133.json,0
201802134.json,100.0
201802135.json,0
201802136.json,33.33333333333333
201802137.json,0.0
201802138.json,61.904761904761905
201802139.json,0.0
201802140.json,100.0
201802141.json,66.66666666666666
201802142.json,0
201802143.json,0
201802144.json,0
201802145.json,0
201802146.json,0
201802147.json,0
201802148.json,0
201802149.json,0
201802150.json,0
201802151.json,0
201802152.json,0
201802153.json,0
201802154.json,0
201802155.json,100.0
201802156.json,100.0
201802157.json,100.0
201802158.json,100.0
201802159.json,0.0
201802160.json,0
201802161.json,66.66666666666666
201802162.json,0
201802163.json,0
201802164.json,0
201802165.json,0
201802166.json,0
201802167.json,53.84615384615385
201802168.json,100.0
201802169.json,0.0
201802170.json,87.5
201802171.json,0
201802172.json,0
201802173.json,100.0
201802174.json,100.0
201802175.json,100.0
201802176.json,100.0
201802177.json,100.0
201802178.json,0
201802179.json,0
201802180.json,100.0
201802181.json,0
201802182.json,0
201802183.json,0
201802184.json,100.0
201802185.json,100.0
201802186.json,100.0
201802187.json,60.0
201802188.json,50.0
201802189.json,90.9090909090909
201802190.json,80.0
201802191.json,100.0
201802192.json,100.0
201802193.json,78.125
201802194.json,100.0
201802195.json,59.09090909090909
201802196.json,40.0
201802197.json,65.71428571428571
201802198.json,93.75
201802199.json,100.0
201802200.json,100.0
201802201.json,85.0
201802202.json,100.0
201802203.json,40.0
201802204.json,100.0
201802205.json,100.0
201802206.json,85.0
201802207.json,53.84615384615385
201802208.json,100.0
201802209.json,0.0
201802210.json,75.0
201802211.json,60.0
201802212.json,0
201802213.json,66.66666666666666
201802214.json,50.0
201802215.json,0
201802216.json,50.0
201802217.json,100.0
201802218.json,0
201802219.json,0
201802220.json,100.0
201802221.json,100.0
201802222.json,100.0
201802223.json,100.0
201802224.json,0.0
201802225.json,66.66666666666666
201802226.json,100.0
201802227.json,100.0
201802228.json,0
201802229.json,0.0
201802230.json,62.5
201802231.json,33.33333333333333
201802232.json,84.61538461538461
201802233.json,0.0
201802234.json,100.0
201802235.json,100.0
201802236.json,0
201802237.json,100.0
201802238.json,62.5
201802239.json,100.0
201802240.json,72.22222222222221
201802241.json,100.0
201802242.json,71.42857142857143
201802243.json,100.0
201802244.json,100.0
201802245.json,50.0
201802246.json,0
201802247.json,64.0
201802248.json,0
201802249.json,0
201802250.json,0.0
201802251.json,0
201802252.json,0
201802253.json,0
201802254.json,66.66666666666666
201802255.json,0
201802256.json,90.9090909090909
201802257.json,100.0
201802258.json,0
201802259.json,0
201802260.json,42.857142857142854
201802261.json,72.72727272727273
201802262.json,100.0
201802263.json,37.5
201802264.json,78.57142857142857
201802265.json,75.0
201802266.json,82.6086956521739
201802267.json,100.0
201802268.json,50.0
201802269.json,100.0
201802270.json,0
201802271.json,84.48275862068965
201802272.json,100.0
201802273.json,92.53731343283582
201802274.json,100.0
201802275.json,100.0
201802276.json,81.81818181818183
201802277.json,100.0
201802278.json,66.66666666666666
201802279.json,77.77777777777779
201802280.json,100.0
201802281.json,0
201802282.json,57.14285714285714
201802283.json,83.33333333333334
201802284.json,75.0
201802285.json,0
201802286.json,58.333333333333336
201802287.json,100.0
201802288.json,33.33333333333333
201802289.json,44.44444444444444
201802290.json,0
201802291.json,60.0
201802292.json,98.11320754716981
201802293.json,100.0
201802294.json,100.0
201802295.json,0.0
201802296.json,66.66666666666666
201802297.json,100.0
201802298.json,76.92307692307693
201802299.json,92.45283018867924
201802300.json,44.44444444444444
201802301.json,0
201802302.json,81.81818181818183
201802303.json,93.75
201802304.json,83.33333333333334
201802305.json,0.0
201802306.json,60.0
201802307.json,100.0
201802308.json,100.0
201802309.json,0.0
201802310.json,100.0
201802311.json,0.0
201802312.json,0
201802313.json,100.0
201802314.json,0
201802315.json,0
201802316.json,81.81818181818183
201802317.json,100.0
201802318.json,66.66666666666666
201802319.json,100.0
201802320.json,100.0
201802321.json,78.94736842105263
201802322.json,90.9090909090909
201802323.json,81.94444444444444
201802324.json,81.81818181818183
201802325.json,69.23076923076923
201802326.json,0
201802327.json,75.0
201802328.json,83.33333333333334
201802329.json,80.0
201802330.json,0.0
201802331.json,100.0
201802332.json,100.0
201802333.json,100.0
201802334.json,78.94736842105263
201802335.json,100.0
201802336.json,100.0
201802337.json,100.0
201802338.json,100.0
201802339.json,91.66666666666666
201802340.json,100.0
201802341.json,77.14285714285715
201802342.json,50.0
201802343.json,100.0
201802344.json,92.5925925925926
201802345.json,100.0
201802346.json,100.0
201802347.json,0
201802348.json,82.6086956521739
201802349.json,66.66666666666666
201802350.json,85.07462686567165
201802351.json,50.0
201802352.json,100.0
201802353.json,100.0
201802354.json,100.0
201802355.json,0
201802356.json,100.0
201802357.json,72.72727272727273
201802358.json,100.0
201802359.json,0
201802360.json,100.0
201802361.json,72.72727272727273
201802362.json,85.0
201802363.json,100.0
201802364.json,84.21052631578947
201802365.json,100.0
201802366.json,92.85714285714286
201802367.json,0
201802368.json,100.0
201802369.json,0
201802370.json,33.33333333333333
201802371.json,100.0
201802372.json,0.0
201802373.json,0.0
201802374.json,100.0
201802375.json,100.0
201802376.json,100.0
201802377.json,94.11764705882352
201802378.json,100.0
201802379.json,66.66666666666666
201802380.json,89.47368421052632
201802381.json,0
201802382.json,0
201802383.json,0
201802384.json,100.0
201802385.json,0
201802386.json,0
201802387.json,0
201802388.json,80.0
201802389.json,90.9090909090909
201802390.json,58.333333333333336
201802391.json,100.0
201802392.json,100.0
201802393.json,84.21052631578947
201802394.json,100.0
201802395.json,100.0
201802396.json,40.0
201802397.json,90.0
201802398.json,75.0
201802399.json,100.0
201802400.json,0
201802401.json,71.42857142857143
201802402.json,57.14285714285714
201802403.json,100.0
201802404.json,0
201802405.json,57.14285714285714
201802406.json,73.91304347826086
201802407.json,36.36363636363637
201802408.json,100.0
201802409.json,100.0
201802410.json,66.66666666666666
201802411.json,50.0
201802412.json,100.0
201802413.json,75.0
201802414.json,0
201802415.json,0
201802416.json,100.0
201802417.json,57.14285714285714
201802418.json,100.0
201802419.json,100.0
201802420.json,100.0
201802421.json,94.44444444444444
201802422.json,100.0
201802423.json,50.0
201802424.json,65.38461538461539
201802425.json,83.33333333333334
201802426.json,100.0
201802427.json,100.0
201802428.json,100.0
201802429.json,100.0
201802430.json,100.0
201802431.json,100.0
201802432.json,81.25
201802433.json,90.47619047619048
201802434.json,0
201802435.json,0
201802436.json,100.0
201802437.json,100.0
201802438.json,100.0
201802439.json,100.0
201802440.json,83.33333333333334
201802441.json,73.68421052631578
201802442.json,81.81818181818183
201802443.json,100.0
201802444.json,60.0
201802445.json,100.0
201802446.json,80.0
201802447.json,100.0
201802448.json,100.0
201802449.json,60.0
201802450.json,73.68421052631578
201802451.json,66.66666666666666
201802452.json,88.88888888888889
201802453.json,83.33333333333334
201802454.json,0
201802455.json,0
201802456.json,60.0
201802457.json,100.0
201802458.json,62.5
201802459.json,75.0
201802460.json,100.0
201802461.json,100.0
201802462.json,68.51851851851852
201802463.json,85.71428571428571
201802464.json,100.0
201802465.json,100.0
201802466.json,50.0
201802467.json,50.0
201802468.json,100.0
201802469.json,0
201802470.json,85.71428571428571
201802471.json,100.0
201802472.json,0.0
201802473.json,62.5
201802474.json,42.857142857142854
201802475.json,100.0
201802476.json,100.0
201802477.json,95.34883720930233
201802478.json,100.0
201802479.json,100.0
201802480.json,100.0
201802481.json,100.0
201802482.json,66.66666666666666
201802483.json,0
201802484.json,80.0
201802485.json,100.0
201802486.json,88.88888888888889
201802487.json,0
201802488.json,0
201802489.json,85.71428571428571
201802490.json,100.0
201802491.json,0.0
201802492.json,0.0
201802493.json,0
201802494.json,0
201802495.json,0.0
201802496.json,100.0
201802497.json,100.0
201802498.json,71.42857142857143
201802499.json,100.0
201802500.json,66.66666666666666
201802501.json,84.21052631578947
201802502.json,85.0
201802503.json,100.0
201802504.json,57.14285714285714
201802505.json,33.33333333333333
201802506.json,0
201802507.json,95.23809523809523
201802508.json,0.0
201802509.json,0
201802510.json,0
201802511.json,0
201802512.json,100.0
201802513.json,100.0
201802514.json,81.81818181818183
201802515.json,66.66666666666666
201802516.json,77.55102040816327
201802517.json,92.0
201802518.json,0
201802519.json,91.17647058823529
201802520.json,0
201802521.json,60.0
201802522.json,100.0
201802523.json,100.0
201802524.json,32.08955223880597
201802525.json,0
201802526.json,0
201802527.json,0
201802528.json,100.0
201802529.json,0
201802530.json,0
201802531.json,91.66666666666666
201802532.json,100.0
201802533.json,100.0
201802534.json,71.42857142857143
201802535.json,87.5
201802536.json,92.42424242424242
201802537.json,71.42857142857143
201802538.json,73.33333333333333
201802539.json,79.3103448275862
201802540.json,68.0
201802541.json,50.0
201802542.json,78.26086956521739
201802543.json,100.0
201802544.json,100.0
201802545.json,84.0
201802546.json,100.0
201802547.json,75.0
201802548.json,100.0
201802549.json,100.0
201802550.json,100.0
201802551.json,0
201802552.json,100.0
201802553.json,0
201802554.json,50.0
201802555.json,100.0
201802556.json,0
201802557.json,64.0
201802558.json,81.25
201802559.json,50.0
201802560.json,100.0
201802561.json,100.0
201802562.json,100.0
201802563.json,92.70516717325228
201802564.json,66.66666666666666
201802565.json,83.33333333333334
201802566.json,0
201802567.json,0
201802568.json,100.0
201802569.json,33.33333333333333
201802570.json,0
201802571.json,100.0
201802572.json,100.0
201802573.json,100.0
201802574.json,0
201802575.json,70.37037037037037
201802576.json,57.89473684210527
201802577.json,0
201802578.json,90.0
201802579.json,100.0
201802580.json,100.0
201802581.json,100.0
201802582.json,84.21052631578947
201802583.json,0
201802584.json,0
201802585.json,100.0
201802586.json,100.0
201802587.json,100.0
201802588.json,0
201802589.json,50.0
201802590.json,66.66666666666666
201802591.json,71.42857142857143
201802592.json,0
201802593.json,66.66666666666666
201802594.json,100.0
201802595.json,0.0
201802596.json,100.0
201802597.json,100.0
201802598.json,100.0
201802599.json,50.0
201802600.json,100.0
201802601.json,100.0
201802602.json,100.0
201802603.json,85.71428571428571
201802604.json,0
201802605.json,71.42857142857143
201802606.json,62.5
201802607.json,0.0
201802608.json,100.0
201802609.json,100.0
201802610.json,100.0
201802611.json,0
201802612.json,100.0
201802613.json,100.0
201802614.json,92.0
201802615.json,100.0
201802616.json,0
201802617.json,50.0
201802618.json,95.0
201802619.json,100.0
201802620.json,0
201802621.json,100.0
201802622.json,87.5
201802623.json,50.0
201802624.json,100.0
201802625.json,54.54545454545454
201802626.json,90.0
201802627.json,94.89795918367348
201802628.json,54.54545454545454
201802629.json,100.0
201802630.json,100.0
201802631.json,85.71428571428571
201802632.json,100.0
201802633.json,100.0
201802634.json,100.0
201802635.json,90.9090909090909
201802636.json,100.0
201802637.json,74.07407407407408
201802638.json,71.42857142857143
201802639.json,100.0
201802640.json,91.37931034482759
201802641.json,100.0
201802642.json,80.0
201802643.json,100.0
201802644.json,69.23076923076923
201802645.json,0
201802646.json,100.0
201802647.json,100.0
201802648.json,100.0
201802649.json,0
201802650.json,0
201802651.json,0.0
201802652.json,0
201802653.json,70.37037037037037
201802654.json,100.0
201802655.json,0
201802656.json,76.92307692307693
201802657.json,0
201802658.json,90.9090909090909
201802659.json,100.0
201802660.json,63.63636363636363
201802661.json,91.66666666666666
201802662.json,75.75757575757575
201802663.json,82.6086956521739
201802664.json,92.3076923076923
201802665.json,90.9090909090909
201802666.json,70.58823529411765
201802667.json,100.0
201802668.json,89.47368421052632
201802669.json,44.44444444444444
201802670.json,100.0
201802671.json,100.0
201802672.json,100.0
201802673.json,52.94117647058824
201802674.json,100.0
201802675.json,90.9090909090909
201802676.json,0
201802677.json,81.81818181818183
201802678.json,77.77777777777779
201802679.json,92.3076923076923
201802680.json,66.66666666666666
201802681.json,12.5
201802682.json,100.0
201802683.json,100.0
201802684.json,100.0
201802685.json,100.0
201802686.json,100.0
201802687.json,100.0
201802688.json,80.0
201802689.json,100.0
201802690.json,100.0
201802691.json,100.0
201802692.json,86.66666666666667
201802693.json,86.95652173913044
201802694.json,100.0
201802695.json,82.14285714285714
201802696.json,92.53731343283582
201802697.json,100.0
201802698.json,87.09677419354838
201802699.json,90.9090909090909
201802700.json,69.23076923076923
201802701.json,61.53846153846154
201802702.json,7.6923076923076925
201802703.json,88.88888888888889
201802704.json,53.48837209302325
201802705.json,88.8
201802706.json,100.0
201802707.json,90.47619047619048
201802708.json,100.0
201802709.json,100.0
201802710.json,89.70588235294117
201802711.json,100.0
201802712.json,100.0
201802713.json,0.0
201802714.json,91.66666666666666
201802715.json,100.0
201802716.json,91.66666666666666
201802717.json,57.14285714285714
201802718.json,90.69767441860465
201802719.json,93.33333333333333
201802720.json,100.0
201802721.json,100.0
201802722.json,78.57142857142857
201802723.json,100.0
201802724.json,100.0
201802725.json,100.0
201802726.json,90.64327485380117
201802727.json,100.0
201802728.json,100.0
201802729.json,100.0
201802730.json,89.28571428571429
201802731.json,100.0
201802732.json,0
201802733.json,100.0
201802734.json,93.33333333333333
201802735.json,50.0
201802736.json,86.66666666666667
201802737.json,95.16129032258065
201802738.json,100.0
201802739.json,100.0
201802740.json,100.0
201802741.json,100.0
201802742.json,80.0
201802743.json,43.75
201802744.json,66.66666666666666
201802745.json,50.0
201802746.json,96.7741935483871
201802747.json,100.0
201802748.json,100.0
201802749.json,100.0
201802750.json,66.66666666666666
201802751.json,100.0
201802752.json,85.71428571428571
201802753.json,72.0
201802754.json,82.35294117647058
201802755.json,72.97297297297297
201802756.json,57.14285714285714
201802757.json,84.84848484848484
201802758.json,66.66666666666666
201802759.json,95.36423841059603
201802760.json,79.22077922077922
201802761.json,100.0
201802762.json,91.30434782608695
201802763.json,100.0
201802764.json,95.1219512195122
201802765.json,8.333333333333332
201802766.json,0.0
201802767.json,90.0
201802768.json,100.0
201802769.json,0
201802770.json,100.0
201802771.json,90.9090909090909
201802772.json,100.0
201802773.json,100.0
201802774.json,100.0
201802775.json,95.91836734693877
201802776.json,100.0
201802777.json,76.19047619047619
201802778.json,100.0
201802779.json,100.0
201802780.json,94.73684210526315
201802781.json,100.0
201802782.json,68.75
201802783.json,92.6829268292683
201802784.json,50.0
201802785.json,53.84615384615385
201802786.json,100.0
201802787.json,93.10344827586206
201802788.json,91.66666666666666
201802789.json,100.0
201802790.json,59.09090909090909
201802791.json,100.0
